0﻿Gender,1 GivenName, 2 MiddleInitial,3 Surname,4 StreetAddress,5 City,6 State,7 ZipCode,8 EmailAddress,9 TelephoneNumber,GUID
male,René,D,Drescher,Mollstrasse 96,Mainz Gonsenheim,RP,55122,ReneDrescher@jourrapide.com,06131 78 11 48,640ba84b-3ddf-40ff-9a10-2d75cfc01ed4
female,Johanna,T,Seiler,Büsingstrasse 2,Brunnthal,BY,85649,JohannaSeiler@rhyta.com,08102 77 75 17,894e27a4-e39e-41a3-a370-e64967dfa63f
female,Brigitte,E,Kohl,Karl-Liebknecht-Strasse 49,Scheeßel,NI,27383,BrigitteKohl@fleckens.hu,04263 55 24 67,18bbd18f-b588-473c-9cfd-75a9014b738f
female,Leonie,A,Rothstein,Waßmannsdorfer Chaussee 64,Hamburg Billstedt,HH,22119,LeonieRothstein@teleworm.us,040 35 83 08,6ae64c27-4752-4b95-843a-19c555a4a528
female,Daniela,E,Egger,Ruschestrasse 22,Genthin,ST,39302,DanielaEgger@jourrapide.com,03933 70 43 99,a99326fa-7d15-426e-9b41-e7206e1a6991
male,Dennis,A,Schmid,Landsberger Allee 86,München,BY,80526,DennisSchmid@fleckens.hu,089 77 40 69,90827f4d-cf50-431c-8688-f06f542f117e
female,Yvonne,T,Burger,Rohrdamm 4,Böhme,NI,29693,YvonneBurger@teleworm.us,05164 84 52 28,7b3ed8b2-35e4-429a-b272-a8de8243f092
female,Brigitte,M,Diederich,Lange Strasse 23,München,BY,81829,BrigitteDiederich@dayrep.com,089 93 37 07,52a67a5c-5acf-48a8-bb05-b16ced8b0f2e
male,Swen,D,Finkel,Kurfürstendamm 72,Rostock,MV,18085,SwenFinkel@rhyta.com,0381 55 17 42,c8130727-015e-4c3b-ae63-700ef60b6060
female,Jessika,A,Schroeder,Hallesches Ufer 87,Kohlberg,BW,72664,JessikaSchroeder@superrito.com,07025 38 88 19,3641d353-e4fb-4ba0-96f6-d5502c2c1950
female,Annett,W,Hirsch,Kurfuerstendamm 84,München,BY,80042,AnnettHirsch@jourrapide.com,089 79 33 71,2a2ca353-1bc0-429c-ac8c-8d36c45b25f8
female,Sabrina,J,Goldschmidt,Buelowstrasse 84,Atzelgift,RP,57629,SabrinaGoldschmidt@cuvox.de,02662 74 87 19,62e00541-3789-4c73-b0f3-39b74b70f0fe
male,Uwe,L,Berg,Genterstrasse 12,Kiel,SH,24106,UweBerg@einrot.com,0431 93 73 62,c96eb1f6-7318-4dee-8e9a-69eac124b9d6
male,Stefan,A,Herzog,Leopoldstraße 54,Bochum,NW,44801,StefanHerzog@einrot.com,023 75 70 35,46470cb3-4e6c-47b8-b14a-23fcda207e85
male,Peter,J,Kaestner,Marseiller Strasse 88,Tapfheim,BY,86660,PeterKaestner@fleckens.hu,09070 90 54 66,a5e2c3a8-965b-4480-ae74-786f1b74e918
male,Robert,P,Bergmann,Flotowstr. 80,Bitterfeld,ST,06732,RobertBergmann@teleworm.us,03493 72 18 75,1e5e601c-69df-4022-878f-f1ca428cae24
male,Stephan,A,Austerlitz,Grolmanstraße 91,Bremen Ellener Feld,HB,28327,StephanAusterlitz@gustr.com,0421 46 55 21,adad7e94-d64e-423d-9f95-48acbb93b981
male,Stefan,A,Vogel,Kieler Strasse 50,Waldkraiburg,BY,84469,StefanVogel@dayrep.com,08638 70 41 48,5c4f79b6-163b-459b-b0c6-122e1c549bcf
female,Katja,U,Herz,Charlottenstrasse 15,Cottbus,BB,03053,KatjaHerz@teleworm.us,0355 49 82 62,39f2863a-f462-4fa7-a4dd-fee8284e3790
male,Jens,D,Drescher,Lietzenburger Straße 81,Stoetze,NI,29597,JensDrescher@rhyta.com,05872 79 96 36,c4baaaf8-25ce-4b4e-a04e-d615a9fdef8a
female,Ines,K,Freeh,Brandenburgische Str 40,Sankt Goar,RP,56329,InesFreeh@armyspy.com,06741 76 31 77,b52f8736-5524-4100-a41d-d0acc80e8731
female,Ute,M,Roth,Grolmanstraße 86,Bremen Oberneuland,HB,28355,UteRoth@dayrep.com,0421 30 28 34,2cf227aa-d4a3-4d9b-b3bb-7ca54d49f94c
male,David,S,Eberhardt,Landhausstraße 27,Woltersdorf,NI,29497,DavidEberhardt@dayrep.com,03362 70 11 68,2612c7a3-6e94-4b8d-a977-3fba6560b064
female,Juliane,C,Blau,Lietzensee-Ufer 82,Plessa,BB,04926,JulianeBlau@armyspy.com,03533 29 12 90,588981a2-cbe5-470c-bc70-6b2bc5f78179
male,Lucas,K,Schmitt,Langenhorner Chaussee 6,Piding,BY,83451,LucasSchmitt@superrito.com,08651 93 81 98,dd27010d-6118-4c77-b3c3-c979b6d64528
female,Susanne,P,Fuerst,Rosenstrasse 72,München,BY,81612,SusanneFuerst@rhyta.com,089 36 99 57,77c10280-53a4-48a8-ab92-3957b03e3fc7
female,Ulrike,M,Duerr,An der Alster 94,Neuburg,BY,94127,UlrikeDuerr@superrito.com,038426 10 45,bd5cce94-c8c4-4251-ad86-638d7d330bc7
female,Ulrike,J,Eberhardt,Mellingburgredder 90,Treuchtlingen,BY,91752,UlrikeEberhardt@dayrep.com,09142 78 62 45,03bf129a-57e0-4a80-8baa-ae7ffd0f891f
male,Stephan,B,Kuhn,Friedrichstrasse 17,Düsseldorf Derendorf,NW,40477,StephanKuhn@superrito.com,0211 21 63 50,ae5b825c-81bf-41e2-87a0-9aca0882da80
female,Katrin,F,Weber,Kurfuerstendamm 42,Gräfelfing,BY,82159,KatrinWeber@superrito.com,089 51 92 93,4f496c60-c539-45a5-96a3-f387b4f9a6fe
female,Maria,S,Pfeffer,Alsterkrugchaussee 1,Großhabersdorf,BY,90613,MariaPfeffer@dayrep.com,09105 55 90 22,64ef4dd7-7118-4f38-84ee-e43669284ec9
female,Janina,D,Achen,Esplanade 62,Prichsenstadt,BY,97356,JaninaAchen@teleworm.us,09382 18 94 38,ccbe9a90-01a3-480a-854f-627dd1f6528a
female,Leonie,A,Weissmuller,Luckenwalder Strasse 91,Celle,NI,29223,LeonieWeissmuller@teleworm.us,05141 37 80 50,146c788c-957c-4f1c-9821-8e2db7aea4d5
female,Annett,J,Maurer,Karl-Liebknecht-Strasse 11,Hoyerhagen,NI,27318,AnnettMaurer@fleckens.hu,04251 12 66 91,73569883-3bec-4e7b-8a0e-2d16d9e8cb6e
male,Uwe,C,Neumann,Rohrdamm 30,Herford Falkendiek,NW,32049,UweNeumann@cuvox.de,05221 12 68 73,e046005e-2ecb-4b5f-b1fe-d0027ccf2053
female,Anna,L,Metzger,Hollander Strasse 95,Diez,RP,65582,AnnaMetzger@superrito.com,06432 68 15 06,677ca20a-57e5-4f62-b13f-f4f0842d2f84
female,Johanna,B,Eberhardt,Chausseestr. 4,Torgelow,MV,17351,JohannaEberhardt@einrot.com,03976 91 70 78,a8acce0c-74ff-4c39-8db9-581acf681348
male,Andreas,M,Lehmann,Nuernbergerstrasse 25,Uplengen,NI,26670,AndreasLehmann@dayrep.com,04489 11 73 04,23728fbd-c2ef-4616-9821-5da879a564d8
male,Ralph,M,Bauer,Mollstrasse 85,Trebur,HE,65468,RalphBauer@cuvox.de,06147 23 34 23,cd8780ee-2b4e-42c8-a50f-e3e80627cd28
female,Ute,R,Sankt,Budapester Straße 15,Rayerschied,RP,55469,UteSankt@gustr.com,06461 37 67 47,caaab360-556e-4239-8e9e-f7eec023290d
male,Bernd,M,Junker,Ansbacher Strasse 37,Winringen,RP,54614,BerndJunker@superrito.com,06553 24 05 12,5c214b10-ecd2-4365-9816-dc80dd4ab28f
female,Yvonne,T,Schultz,Jahnstrasse 89,Stephanskirchen,BY,83071,YvonneSchultz@superrito.com,08075 75 38 85,ca9d312f-5f43-4168-a6e2-4e8127e96e29
male,Erik,S,Kaestner,Augsburger Strasse 70,Reimerath,RP,53539,ErikKaestner@teleworm.us,02692 78 70 59,5266ba38-de40-4483-8b06-146c66f99a06
male,Mike,L,Zimmermann,Luebeckertordamm 58,Absberg,BY,91720,MikeZimmermann@jourrapide.com,09175 22 09 32,8550fece-9d6f-4bf2-a811-466f42eb2772
female,Michelle,M,Gersten,Langenhorner Chaussee 18,Berchtesgaden,BY,83462,MichelleGersten@superrito.com,08652 39 80 33,dea39982-2ddb-4b02-839b-893d620156d1
female,Jana,D,Neustadt,Nuernbergerstrasse 34,Plön,SH,24303,JanaNeustadt@armyspy.com,04522 20 52 47,503abd6e-eed0-4f92-bd97-73ea90d03e1f
male,Thorsten,B,Schultheiss,Grolmanstraße 34,Bremen In den Wischen,HB,28237,ThorstenSchultheiss@fleckens.hu,0421 74 47 58,35e19316-4c29-40a7-8021-77c8fce2ae29
male,Stefan,U,Fisher,Meininger Strasse 11,Rötsweiler-Nockenthal,RP,55767,StefanFisher@rhyta.com,06787 71 31 48,52bd7102-b13a-42ef-8f44-5ad023f80b94
male,Luca,M,Jung,Nuernbergerstrasse 9,Bargteheide,SH,22933,LucaJung@armyspy.com,04532 12 58 11,f2a66768-9652-4c4c-be95-869d67baa0ae
male,Uwe,C,Foerster,Ollenhauer Str. 49,Stuttgart Zuffenhausen,BW,70437,UweFoerster@cuvox.de,0711 28 00 38,afbf44ce-a7f4-442b-bdcd-80901b5aed14
female,Anke,D,Schuhmacher,Stuttgarter Platz 85,Sulzbach,RP,56379,AnkeSchuhmacher@armyspy.com,02604 63 84 15,8210cb4c-dbdb-4cba-97cf-eeb824ef950a
female,Julia,M,Egger,Waßmannsdorfer Chaussee 69,Hamburg Altona-Altstadt,HH,20359,JuliaEgger@armyspy.com,040 42 10 08,abea733e-6f13-4c12-a934-3576abc54abf
female,Ute,B,Hartmann,Lietzenburger Straße 61,Gartow,NI,29471,UteHartmann@gustr.com,05846 83 60 80,fa68ce0a-362d-4fb8-a54f-aed27a13dd41
male,Christian,J,Hueber,Reeperbahn 78,Altefähr,MV,18573,ChristianHueber@jourrapide.com,038306 34 65,46b23ea1-383d-4daf-8917-42faade92998
female,Barbara,R,Himmel,Gotzkowskystraße 9,Kerken,NW,47647,BarbaraHimmel@fleckens.hu,02833 71 09 25,36f90e44-cb0a-439b-8306-4b225084669f
male,Phillipp,M,Trommler,Gubener Str. 6,Bad Tölz,BY,83634,PhillippTrommler@superrito.com,08041 65 91 78,a2da0ede-40a6-4c98-a26e-59b2449f9595
female,Vanessa,U,Baader,Augsburger Strasse 89,Freudenberg,NW,57258,VanessaBaader@einrot.com,02734 49 94 85,01ae55a0-1fd1-480e-98e4-848f611c6dd2
female,Susanne,E,Hertzog,Hallesches Ufer 58,Neidlingen,BW,73272,SusanneHertzog@dayrep.com,07023 10 90 79,49806ecd-b6c6-4c52-ba1d-3d8d8779f449
female,Marie,J,Zweig,Brandenburgische Str 34,Schmidthachenbach,RP,55758,MarieZweig@dayrep.com,06757 40 31 00,234c5bc4-10b2-425d-9a3a-c2586db9cf85
male,Sven,M,Weiß,Paul-Nevermann-Platz 36,Dittelbrunn,BY,97456,SvenWeiss@cuvox.de,09721 53 91 80,fdfc0856-22ab-40d9-a15f-ba492d5b85ab
female,Lena,D,Lemann,Paderborner Strasse 68,Kleinaitingen,BY,86507,LenaLemann@rhyta.com,08231 93 51 46,6a3dc676-c44e-4319-b7b6-094ddbbd87c8
male,Jan,J,Hartmann,Landhausstraße 97,Schmallenberg,NW,57392,JanHartmann@fleckens.hu,02972 36 38 55,539e50bd-7ecf-44db-a3da-0cf2260efc07
male,Maximilian,M,Wagner,Jenaer Strasse 49,Wuppertal Elberfeld,NW,42117,MaximilianWagner@superrito.com,0202 58 84 22,d8b2e140-5ca8-4e03-a566-85c9d834a85f
female,Martina,W,Kunze,Potsdamer Platz 33,Röthenbach,BY,90548,MartinaKunze@gustr.com,08384 22 07 57,d1eb379d-93a8-4109-8ea0-7fa0cfe347e1
female,Sarah,M,Lange,Prenzlauer Allee 10,Leipzig,SN,04251,SarahLange@rhyta.com,0341 76 16 52,f6913b96-ee99-4a52-aa74-f28de9ebf5bd
female,Jennifer,B,Freud,Schmarjestrasse 22,Schulzendorf,BB,15734,JenniferFreud@superrito.com,033083 10 03,de00949e-6e62-4268-8fe5-10bbb84d64ac
female,Doreen,F,Wirtz,Ruschestrasse 57,Güstrow,MV,18261,DoreenWirtz@einrot.com,03843 61 90 40,0301fa97-4a12-41c9-ad00-63c8a868dc6e
male,Mike,M,Kastner,An der Alster 16,Altensalz,SN,08541,MikeKastner@gustr.com,039035 97 75,6624cd53-c693-49b2-8643-b0a83ae51da9
female,Simone,P,Krueger,Charlottenstrasse 5,Dresden,SN,01324,SimoneKrueger@gustr.com,0351 62 06 17,619b61f1-ee36-4c9d-a842-4481d8046c03
female,Petra,M,Hahn,Langenhorner Chaussee 99,Essenbach,BY,84049,PetraHahn@teleworm.us,08703 19 81 56,5a39edd6-4fd5-4ba9-b871-c75ede24444d
male,Leon,S,Traugott,Eschenweg 57,Pößneck,TH,07373,LeonTraugott@jourrapide.com,03647 85 76 86,04071dcb-9e80-418c-88ab-11a999456b40
female,Kristin,D,Eberhardt,Rosenstrasse 98,München,BY,81320,KristinEberhardt@fleckens.hu,089 62 33 45,d7ca47a8-7afc-4fbf-b258-4ebbd7698cfb
female,Karin,D,Kaufmann,Los-Angeles-Platz 25,Braunschweig,NI,38114,KarinKaufmann@einrot.com,053 54 87 35,e537971a-38bd-4fb7-9de0-30c5f30ad8f4
female,Jana,M,Kohler,Lietzensee-Ufer 37,Riesa,SN,01577,JanaKohler@fleckens.hu,03525 96 06 05,55291fa2-7cc5-4ea9-9b8e-50e1ec45b530
female,Angelika,U,Pfeffer,Gotthardstrasse 87,Chemnitz,SN,09032,AngelikaPfeffer@superrito.com,0371 93 77 09,4f030c49-25eb-4576-9011-2965960f3823
female,Sabine,D,Burger,Leopoldstraße 70,Berlin Dahlem,BE,14195,SabineBurger@einrot.com,030 20 98 68,a344c47d-d9a8-4ab4-913c-fbfc4beacbaa
male,Paul,T,Jager,Bleibtreustraße 12,Wutöschingen,BW,79793,PaulJager@cuvox.de,07746 84 47 11,2e29697a-ece2-464c-8b4b-7b93a07e672d
female,Nicole,K,Waechter,An der Alster 70,Lenzen,MV,19307,NicoleWaechter@cuvox.de,038792 13 14,fd92e5c4-a9d2-4d39-9652-60ca13f4d6d8
female,Claudia,W,König,Alsterkrugchaussee 29,Rain,BY,86638,ClaudiaKonig@einrot.com,09090 72 78 12,86a7035e-7a80-440e-8543-51807724c053
female,Anne,L,Schweitzer,Neuer Jungfernstieg 6,Pfeffenhausen,BY,84073,AnneSchweitzer@jourrapide.com,08708 68 61 16,aafff83e-f47a-46f5-a274-c76f8dd73e10
female,Susanne,F,Meister,Flughafenstrasse 36,Amberg,BY,92208,SusanneMeister@gustr.com,09621 54 11 68,20135d5f-df83-4852-af0b-c4d4e9faa9ce
female,Marina,F,Wurfel,Gotzkowskystraße 92,Bad Endbach,HE,35080,MarinaWurfel@jourrapide.com,02776 90 71 55,33774776-c2ff-4579-a6c2-d4806d25d5a4
female,Nicole,J,Bürger,An der Alster 88,Neustrelitz,MV,17230,NicoleBurger@gustr.com,038725 47 66,593cc816-0d61-42d3-919e-454869bcbe94
male,Benjamin,Y,Egger,Brandenburgische Str. 21,Calw,BW,75365,BenjaminEgger@teleworm.us,07053 30 95 52,8e4c0650-24e5-4100-859b-754807b16c68
female,Brigitte,J,Sommer,Hedemannstasse 3,Scheer,BW,72516,BrigitteSommer@armyspy.com,07572 66 06 18,023703ca-7b77-4334-9e15-b834519edf19
female,Lisa,M,Reiniger,Ruschestrasse 19,Ludwigslust,MV,19281,LisaReiniger@einrot.com,03874 66 39 69,226d8018-8ba9-4a71-8086-a4b6204eaae0
female,Petra,L,Bayer,Prenzlauer Allee 86,Halle,ST,06009,PetraBayer@dayrep.com,0345 37 36 11,db6bff6c-780e-444a-9fc9-8cb04005d0da
female,Simone,M,Kortig,Kieler Strasse 33,Unterwössen,BY,83244,SimoneKortig@gustr.com,08641 58 83 51,34642f2d-021d-493d-851d-d7366dda6fc7
female,Katja,M,Shuster,Rohrdamm 66,Bad Salzuflen Grastrup-Hölsen,NW,32108,KatjaShuster@jourrapide.com,05208 15 22 42,9afeaa07-a3bc-4094-ac5c-a4def4d2bce5
male,Mike,M,Bosch,Stuttgarter Platz 92,Ahaus,NW,48683,MikeBosch@teleworm.us,02561 61 35 58,55022380-ab77-4d84-8d8d-62ff9c2e652a
female,Jennifer,D,Brandt,Michaelkirchstr. 36,Immenhausen,HE,34376,JenniferBrandt@einrot.com,05673 12 97 56,daaab8de-cd0f-4ba5-8996-f48633cb0d69
female,Diana,P,Schweizer,Gotthardstrasse 66,Erfurt,TH,99091,DianaSchweizer@teleworm.us,0361 44 78 09,548a6c55-d0fd-4f56-91ae-b0efdf6e81a1
male,Leon,M,Propst,Hallesches Ufer 45,Notzingen,BW,73274,LeonPropst@gustr.com,07021 32 52 57,b2d5e2e0-6084-4af3-a094-5a0a2a584423
female,Kristin,D,Loewe,Budapester Straße 52,Biedenkopf,HE,35216,KristinLoewe@gustr.com,06461 47 40 54,10681342-82ba-4d66-83d5-5fcdd63a66af
female,Sophie,T,Goldschmidt,Ellmenreichstrasse 71,Gräfenberg,BY,91321,SophieGoldschmidt@gustr.com,09192 42 53 46,5df1e1fb-3935-4b9e-b3eb-f03ca02be9a0
female,Leah,K,Abend,Rudolstaedter Strasse 89,Aschaffenburg,BY,63701,LeahAbend@armyspy.com,06021 58 45 64,64239ed2-6d5f-4c29-b21d-d5ca7073ba90
female,Birgit,L,Neustadt,Alsterkrugchaussee 4,Lauf,BY,91194,BirgitNeustadt@einrot.com,09123 30 70 30,cc4ad1d1-f4e9-4c5d-9308-54a8b70b4e02
female,Kristin,R,Schuhmacher,Reeperbahn 11,Barth,MV,18351,KristinSchuhmacher@fleckens.hu,038231 17 70,685ed4a6-4379-4b5e-963a-9071fcc03129
female,Annett,U,Probst,Hedemannstasse 55,Überlingen,BW,88662,AnnettProbst@cuvox.de,07553 28 50 85,b274af89-36fd-4620-8b14-07ba1d73e7a2
male,Dennis,S,Fiedler,Marseiller Strasse 13,Bruckerhof,BY,82380,DennisFiedler@jourrapide.com,08803 43 30 80,fcac3281-0618-424f-ac4a-68bb37826f01
female,Andrea,J,Barth,Oldesloer Strasse 78,Braunsdorf,SN,01737,AndreaBarth@einrot.com,036482 25 20,942a76af-17ad-4f3a-9847-66a67f61916f
female,Annett,N,Nadel,Brandenburgische Str 30,Kratzenburg,RP,56283,AnnettNadel@armyspy.com,06747 68 22 36,369313d5-b525-44b3-9151-679e77b3ab33
female,Vanessa,D,Reiniger,Bleibtreustrasse 64,Detmold Klüt,NW,32758,VanessaReiniger@fleckens.hu,05231 77 80 29,141e4f76-07ca-42f2-86be-6a5f3cb42ed3
female,Vanessa,M,Bumgarner,Waßmannsdorfer Chaussee 89,Hamburg Bergstedt,HH,22359,VanessaBumgarner@armyspy.com,040 63 31 90,cf0759dd-3fbb-43d5-9a39-ccbb1fc0d8ed
male,Maximilian,L,Kuster,Mellingburgredder 99,Feucht,BY,90531,MaximilianKuster@einrot.com,09128 96 35 47,c176d0fc-ec4a-441a-bbc9-52c42b074f8d
male,Philipp,M,Schroder,Brandenburgische Str 50,Kirn,RP,55606,PhilippSchroder@jourrapide.com,06752 25 16 15,77c8bb52-c8dd-4e40-bc25-c4885410ed62
female,Maria,M,Neudorf,Kantstraße 91,Oelsnitz,SN,09376,MariaNeudorf@teleworm.us,03741 75 68 15,e49c419e-016f-4832-a31d-c356e1f64cb5
male,Marko,D,Furst,Ziegelstr. 7,Neureichenau,BY,94089,MarkoFurst@armyspy.com,08556 81 08 97,9663dcb2-18a5-4d99-8545-03f1c2445384
female,Jessica,M,Mahler,Güntzelstrasse 80,Merschbach,RP,54426,JessicaMahler@armyspy.com,06504 21 96 31,73685052-790c-4aee-8973-b17b280c8136
male,Robert,A,Seiler,Guentzelstrasse 29,Schutz,RP,54570,RobertSeiler@teleworm.us,06599 74 06 66,ac5ab4d3-ca57-4480-85c7-b00e83b07ac9
female,Jennifer,R,Weber,Unter den Linden 9,Neubrandenburg,MV,17006,JenniferWeber@fleckens.hu,0395 14 26 65,577de038-dab8-4e78-9bee-cb28b28a732a
female,Ursula,D,Krause,Mühlenstrasse 63,Würzburg,BY,97001,UrsulaKrause@teleworm.us,0931 16 86 77,05152800-cdd3-4a7d-abf2-2551fab0da91
female,Anna,M,Gerber,Motzstr. 12,Wallertheim,RP,55578,AnnaGerber@superrito.com,06732 81 55 80,a83acb2e-ded9-4fbb-81fd-e42a0e9bd62c
female,Kristin,B,Bumgarner,Schönwalder Allee 31,Neukirchen,BY,93451,KristinBumgarner@fleckens.hu,04365 55 11 60,99176bbe-e0cc-4303-b464-f8a851669cb4
male,Patrick,U,Bayer,Rathausstrasse 39,Fürth,BY,90708,PatrickBayer@armyspy.com,0911 69 21 93,372b2447-5d1a-4f6c-afe8-f2a559544c31
male,Sven,L,Eberhardt,Alt-Moabit 7,Pritzwalk,BB,16921,SvenEberhardt@rhyta.com,03395 37 65 14,f59717c7-9246-4cba-9f22-9603cb6be474
male,Dennis,J,Zweig,Motzstr. 79,Flonheim,RP,55237,DennisZweig@superrito.com,06734 64 23 03,55dc8694-4ad9-4c27-8a5e-8c91b8f0c185
female,Jana,M,Jung,Marseiller Strasse 95,Obersöchering,BY,82395,JanaJung@cuvox.de,08847 69 41 93,b3e2524f-15ab-40f5-af6c-35a6e2222fde
female,Klaudia,T,Egger,Eschenweg 82,Eisenach,TH,99802,KlaudiaEgger@fleckens.hu,03691 66 58 52,d90a1e24-d39a-41e3-b766-c6b6e5bcc684
male,Mathias,M,Möller,Heinrich Heine Platz 70,Arnstadt,TH,99303,MathiasMoller@dayrep.com,03628 14 32 46,1ca722dd-f844-4be8-b741-38ba8b887d6d
female,Claudia,N,Traugott,Schönwalder Allee 26,Damp,SH,24351,ClaudiaTraugott@armyspy.com,04352 24 50 34,ccaf43b6-17b6-4743-bf7a-33de1c8a2551
female,Nadine,F,Schultheiss,Koenigstrasse 44,Ilfeld,TH,99767,NadineSchultheiss@fleckens.hu,036331 26 18,28ee9613-11bf-4ce6-9013-510018352d17
female,Angelika,L,Dreher,Friedrichstrasse 39,Düsseldorf Garath,NW,40593,AngelikaDreher@rhyta.com,0211 21 84 92,ae71dc01-2796-495b-ab94-4c4de5ecaf0e
female,Michelle,D,Kuster,Hollander Strasse 74,Mudershausen,RP,65623,MichelleKuster@fleckens.hu,06430 21 37 93,993375bc-a940-4cb6-bbcd-b68d028c87d6
female,Monika,M,Kirsch,Prenzlauer Allee 17,Leipzig,SN,04165,MonikaKirsch@cuvox.de,0341 39 63 02,dbd13ca9-473d-437d-b14f-e69d47b6d108
female,Kerstin,C,Bar,Prager Str 42,Moorenweis,BY,82270,KerstinBar@fleckens.hu,08146 17 98 80,cdac42a5-bfb6-4bb6-9b57-20d1cb66beaf
male,Jörg,M,Bohm,Hochstrasse 60,Rantum,SH,25988,JorgBohm@superrito.com,04651 62 74 35,9b2d83a5-f456-46c9-ae28-3c28930e6510
female,Silke,R,Frankfurter,Fischerinsel 19,Remscheid Innen,NW,42857,SilkeFrankfurter@gustr.com,02191 24 68 82,7542bd45-d0d2-43a2-ac48-c6fe332b25bf
female,Janina,K,Bohm,Hardenbergstraße 89,Krottelbach,RP,66909,JaninaBohm@superrito.com,06386 17 68 38,e78fa22b-4ba9-48cc-bd63-dea1ab09663b
male,Mario,T,Kortig,Hermannstrasse 44,Altrip,RP,67122,MarioKortig@gustr.com,06236 86 44 26,57f9d083-3b6f-4701-8fc6-e231bf9c4cea
female,Yvonne,M,Adler,Waldowstr. 25,Gmund,BY,83701,YvonneAdler@einrot.com,08021 54 99 00,4620c634-4951-4e8b-8843-e00890e54651
male,Daniel,T,Werner,Scharnweberstrasse 92,Eppelheim,BW,69214,DanielWerner@jourrapide.com,06221 69 95 70,7048bafb-1b76-4f62-90b3-28ed2364413e
female,Jessika,S,Ehrlichmann,Eichendorffstr. 35,Bodnegg,BW,88285,JessikaEhrlichmann@teleworm.us,07520 50 12 31,082d27e8-6bad-46c2-9f53-adab1004e8e2
male,Dennis,S,Sommer,Luckenwalder Strasse 31,Steimbke,NI,31634,DennisSommer@armyspy.com,05026 97 72 70,a1a5456b-deca-45aa-b2e1-955586ca044e
female,Monika,P,Bosch,Guentzelstrasse 17,Ronshausen,HE,36217,MonikaBosch@dayrep.com,06622 17 81 35,87a84abe-0572-435a-98dd-cdcb68275631
male,Phillipp,A,Loewe,Eschenweg 32,Sonneberg,TH,96505,PhillippLoewe@teleworm.us,03675 61 78 14,79875fb1-845c-4926-a177-591bf4ae3052
male,Thorsten,J,Luft,Buelowstrasse 74,Hahn bei Marienberg,RP,56472,ThorstenLuft@teleworm.us,02661 30 28 90,528b16f8-af89-4456-8bc1-9dc6cf32325a
female,Mandy,M,Kluge,Frankfurter Allee 82,Karlsruhe Oberreut,BW,76135,MandyKluge@rhyta.com,0721 60 15 72,1c63160e-bbd0-434f-811c-f983e86278ea
female,Anne,D,Abend,Rathausstrasse 44,Nürnberg,BY,90127,AnneAbend@jourrapide.com,0911 77 44 98,0eb441b3-4aca-418f-9f4b-c3f9413ac033
female,Stefanie,R,Walter,Genslerstraße 18,Berlin Tempelhof,BE,12099,StefanieWalter@superrito.com,030 75 74 48,89f4f9d2-6236-4e8d-afce-d09523402938
female,Marie,P,Bumgarner,Paul-Nevermann-Platz 63,Euerbach,BY,97502,MarieBumgarner@rhyta.com,09726 95 80 53,2b61d099-2d74-4a9d-ac0e-4ca31cb3fabc
male,Martin,T,Werner,Genslerstraße 26,Berlin Tegel,BE,13503,MartinWerner@armyspy.com,030 21 83 03,964876df-cfc0-4317-9c38-42cd1a925b97
female,Yvonne,R,Rothschild,Heiligengeistbrücke 58,Feuchtwangen,BY,91552,YvonneRothschild@dayrep.com,09852 30 30 07,f2c6ce95-3443-49fe-8829-962f88fd9226
male,Jürgen,K,Werfel,Augsburger Straße 50,Hagen,NW,58097,JurgenWerfel@cuvox.de,02331 99 02 07,11b147cc-2a48-457b-bd38-a7e238eea341
male,Tobias,J,Drescher,Alt-Moabit 94,Luckenwalde,BB,14933,TobiasDrescher@einrot.com,03371 43 50 87,707881e3-bb68-4917-870e-c71767d55d4d
female,Annett,S,Werner,Knesebeckstraße 78,Havixbeck,NW,48329,AnnettWerner@gustr.com,02507 70 20 99,963481ea-7a74-4d10-af14-2613cb03aeec
male,Robert,L,Kuster,Ollenhauer Str. 27,Stuttgart Mitte,BW,70178,RobertKuster@dayrep.com,0711 30 30 11,c9584180-2039-4002-a369-d326355efc35
female,Sophie,S,Kruger,Rudower Chaussee 64,Lübeck,SH,23554,SophieKruger@armyspy.com,01805 49 31 45,f075ca36-25b4-4f50-b055-10503e31f761
female,Jessica,M,Schuhmacher,Rhinstrasse 15,München,BY,80997,JessicaSchuhmacher@dayrep.com,089 95 53 83,cbebb9e0-645c-4ea7-a0b3-e7d046d3c1e5
male,Eric,M,Koertig,Adenauerallee 52,Tutow,MV,17127,EricKoertig@gustr.com,039999 25 57,48a7850c-ebdc-4c31-8632-a6f7cabfdb0c
male,Jens,C,Drescher,Wallstrasse 90,Ettringen,RP,56729,JensDrescher@superrito.com,02651 62 52 11,20f0e084-5036-4d2e-b948-807ef94b69cc
male,Sebastian,L,Burger,Knesebeckstrasse 15,Barweiler,RP,53534,SebastianBurger@einrot.com,02691 89 32 06,304de149-df90-4f02-a01d-4d3b3709ee65
female,Barbara,P,Maier,Budapester Strasse 38,Heeslingen,NI,27404,BarbaraMaier@einrot.com,04281 89 67 83,36fab800-31d3-48c1-aeb1-06f99c50af99
female,Kathrin,M,Schiffer,Bleibtreustraße 66,Ringsheim,BW,77975,KathrinSchiffer@gustr.com,07822 20 34 42,8b902643-e845-4de7-b39c-189670ff3be3
female,Petra,S,Kirsch,Rudower Strasse 54,Großkampenberg,RP,54619,PetraKirsch@teleworm.us,06559 71 56 59,5b88a023-ee2c-4993-8733-db649819c794
female,Uta,D,Wirth,Budapester Straße 82,Wawern,RP,54612,UtaWirth@armyspy.com,06501 16 09 30,d84fc530-d642-4e1a-9693-9e3b287fc74a
female,Michelle,M,Papst,Pappelallee 82,Barchfeld,TH,36456,MichellePapst@dayrep.com,036961 92 91,736e3f6c-1471-4e1d-9691-4c305857e34f
male,Marko,A,Baumgartner,Grolmanstraße 4,Bremen In den Wischen,HB,28237,MarkoBaumgartner@superrito.com,0421 49 59 07,db5c28e5-0147-4af4-9851-c069c4ba9fb1
female,Nicole,T,Jager,Eichendorffstr. 79,Durchhausen,BW,78591,NicoleJager@rhyta.com,07464 14 02 36,77f20735-f278-4773-9cac-3a0fd582b036
female,Leonie,D,Hofmann,Landsberger Allee 76,München,BY,80605,LeonieHofmann@teleworm.us,089 94 45 45,608f19be-e72b-4d89-afa8-a967d101ba31
female,Susanne,M,Kuhn,Güntzelstrasse 82,Detzem,RP,54340,SusanneKuhn@fleckens.hu,06507 74 78 97,4d03a53d-63c9-4f3c-ad3e-170dc25fa41d
female,Barbara,L,Wirtz,Invalidenstrasse 89,Niederkirchen bei Deidesheim,RP,67150,BarbaraWirtz@superrito.com,06326 80 77 78,ce34d3ce-f9ed-4edd-8e09-a8f708591304
female,Ines,A,Muller,An der Alster 19,Berkau,ST,06896,InesMuller@cuvox.de,039089 89 14,2d470bb4-2e6e-4251-8854-79a1a4a2965c
female,Ute,U,Gerber,Güntzelstrasse 75,Bengel,RP,54538,UteGerber@rhyta.com,06532 63 54 27,b0bd5dc7-821e-4b35-8e29-10c6aa3e3180
male,Kristian,K,Jung,Eschenweg 36,Jena,TH,07704,KristianJung@superrito.com,03641 31 55 11,327b67d3-6c1d-4711-a903-e9080ca076cc
female,Michelle,S,Drechsler,Budapester Strasse 42,Rastorf,NI,26901,MichelleDrechsler@teleworm.us,04303 55 73 70,129e8ed7-e65d-4322-bdab-6bfbf764021a
female,Silke,K,Zimmermann,Heinrich Heine Platz 87,Niesky,SN,02902,SilkeZimmermann@dayrep.com,03588 96 70 55,bad6bd38-be17-4d65-b631-160b9d6bb064
female,Melanie,M,Schmidt,Rathausstrasse 64,Nürnberg,BY,90213,MelanieSchmidt@armyspy.com,0911 43 19 81,331571cb-dd57-4c49-a594-625bf8f14e8e
female,Uta,S,Wechsler,Pohlstrasse 78,Tiddische,NI,38473,UtaWechsler@rhyta.com,05366 87 45 55,786c527e-0d78-4bc6-a438-a35055866efb
female,Sophie,L,Wirth,Kirchenallee 23,Eichendorf,BY,94425,SophieWirth@cuvox.de,09952 72 98 59,c35a05b4-3734-44e3-a9be-ba30d415724d
female,Mandy,B,Schulz,Koenigstrasse 72,Rattelsdorf,BY,96179,MandySchulz@einrot.com,036426 17 42,1f39fe43-abd2-4f09-bbba-f0921dacb35e
female,Susanne,K,Zimmermann,Motzstr. 78,Rüdesheim am Rhein,HE,65385,SusanneZimmermann@superrito.com,06722 89 02 58,559f3116-fd75-44cb-9f0f-4d7731af7b04
female,Anne,T,Eichel,Adenauerallee 29,Jarmen,MV,17126,AnneEichel@armyspy.com,039997 52 20,e860dfa5-c70d-4838-9120-39fd99c83499
female,Klaudia,P,Hartmann,Stresemannstr. 14,Namborn,TH,66639,KlaudiaHartmann@gustr.com,06851 94 43 79,8f307b2c-b30c-4fde-bc51-21bf7028d5b8
female,Monika,K,Beike,Motzstr. 31,Ensheim,RP,55232,MonikaBeike@jourrapide.com,06731 66 48 38,7bd5fd73-7aae-4a5f-8331-e8668d3f18d9
male,Leon,K,Freud,Potsdamer Platz 78,Walting,BY,85137,LeonFreud@dayrep.com,08421 48 11 16,c47143a6-b7d7-49bc-9ca3-9023bbb2387c
female,Anna,R,Scherer,Luetzowplatz 25,Bickendorf,RP,54636,AnnaScherer@gustr.com,06569 51 09 44,7d24adb9-82ee-4e97-9a17-b8074ea4fd51
female,Barbara,K,Schmidt,Feldstrasse 64,Eggesin,MV,17364,BarbaraSchmidt@jourrapide.com,039779 35 37,44e13851-423c-4cfd-86a2-3627086f668f
female,Katrin,M,Kuster,Brandenburgische Str 54,Birkheim,RP,56291,KatrinKuster@fleckens.hu,06746 18 61 14,5eea9202-c212-4007-ac61-cdbd385550da
female,Leah,R,Waechter,Friedrichstrasse 97,Düsseldorf Holthausen,NW,40591,LeahWaechter@jourrapide.com,0211 88 13 09,b2b0b712-79c6-48be-b010-0724b9281cf0
female,Silke,L,Busch,Leipziger Straße 89,Rüdershausen,NI,37434,SilkeBusch@rhyta.com,05529 49 72 13,9285ec5b-aa53-42ed-8ceb-70c8d9ffd2d5
female,Nadine,D,Schulz,Budapester Strasse 10,Groß Meckelsen,NI,27419,NadineSchulz@rhyta.com,04282 35 59 48,75bfa18d-10f2-4c13-84ce-2c9e6fa47a43
female,Gabriele,U,Nadel,Schönwalder Allee 67,Geltorf,SH,24884,GabrieleNadel@cuvox.de,04354 64 77 96,d2a1def9-c6d4-4f7a-b3bb-4f4657e8bb65
female,Marie,M,Ackerman,Mellingburgredder 9,Ottensoos,BY,91242,MarieAckerman@jourrapide.com,09123 48 95 70,fb4b3df3-4307-4c62-b252-5b293fed975f
female,Maria,E,Furst,Karl-Liebknecht-Strasse 83,Schwarme,NI,27327,MariaFurst@cuvox.de,04258 54 86 73,61dcc2c0-02a3-48c1-bc60-6f11e3856b0c
male,Maik,M,Moeller,Waßmannsdorfer Chaussee 23,Glinde,SH,21503,MaikMoeller@jourrapide.com,040 10 52 41,ae3af836-d886-4b32-997e-d0dbdeebbcdf
male,Jürgen,M,Ehrlichmann,Ziegelstr. 87,Neuhaus,TH,98721,JurgenEhrlichmann@superrito.com,08507 64 18 89,8a73c114-fe12-4813-81d4-e0ff917945bb
female,Katja,S,Freeh,Kantstrasse 25,Nürnberg,BY,90473,KatjaFreeh@fleckens.hu,0911 15 85 88,24103802-4925-4110-9f5e-5b7033bd232c
female,Leonie,P,Seiler,Luetzowplatz 84,Udler,RP,54552,LeonieSeiler@armyspy.com,06573 86 08 62,f45b12a2-982a-4b0d-9fbd-63903d860346
male,Philipp,J,Faust,Ansbacher Strasse 75,Moritzheim,RP,56865,PhilippFaust@dayrep.com,06545 23 29 09,046264f8-70c6-453b-b983-e81222da8f54
female,Johanna,S,Jung,Oldesloer Strasse 9,Heldburg,TH,98661,JohannaJung@jourrapide.com,036871 68 82,623bbfd2-8963-47b8-aa40-539eef335d0e
male,Matthias,M,Drechsler,Lietzenburger Straße 96,Niederlangen,NI,49779,MatthiasDrechsler@gustr.com,05933 71 27 23,f5321d0c-ce23-423c-bfcd-5e1ac6e0e044
female,Jessica,M,Durr,Holstenwall 77,Bageritz,ST,06188,JessicaDurr@dayrep.com,034604 28 19,eeb79e58-06bb-4af5-abce-4ac8f833b7a2
female,Christine,D,Fisher,Lietzenburger Strasse 92,Much,NW,53804,ChristineFisher@fleckens.hu,02245 13 10 38,0fe14283-91d0-4dd1-b712-58447bfe3b6f
female,Juliane,M,Klug,Kirchenallee 69,Zandt,BY,93499,JulianeKlug@jourrapide.com,09944 24 60 18,16ccbd75-5b72-4bdb-8a3c-1d1277a0290a
female,Johanna,D,Freitag,Büsingstrasse 82,Gilching,BY,82199,JohannaFreitag@gustr.com,08105 48 33 15,5fbc1701-ddb0-4956-8c40-39389d90240a
female,Lea,K,Traugott,Hermannstrasse 41,Guntersblum,RP,67583,LeaTraugott@dayrep.com,06249 27 92 98,97203dbc-bf8c-4ab2-ad81-608a40ec94bf
male,Maik,D,Klug,Hermannstrasse 56,Schifferstadt,RP,67105,MaikKlug@superrito.com,06235 47 89 24,712bd839-b70b-4e98-9268-0773fc28e77d
male,Maik,K,Kuefer,Eschenweg 88,Jena,TH,07708,MaikKuefer@teleworm.us,03641 24 89 75,69321921-60a4-4fd6-9421-909d5d8e52c7
female,Juliane,P,Koehler,Schönwalder Allee 30,Dänischenhagen,SH,24229,JulianeKoehler@fleckens.hu,04349 50 07 33,9e671be3-0481-4649-a67a-775d19846cf7
female,Anne,D,Weissmuller,Brandenburgische Straße 91,Berlin Mariendorf,BE,12107,AnneWeissmuller@einrot.com,030 54 24 45,baf3ea99-1308-4a58-b7ac-39b8a9d67bf3
male,Torsten,M,Osterhagen,Lützowplatz 42,Merzkirchen,RP,54439,TorstenOsterhagen@fleckens.hu,06581 63 82 48,b81e01ed-edb2-4d07-990b-5909c1c1f47f
female,Klaudia,P,Jager,Friedrichstrasse 26,Gelsenkirchen,NW,45888,KlaudiaJager@fleckens.hu,0209 29 86 13,002e58f2-93b5-44d4-8190-3ca4dab7310c
female,Sabrina,J,Theissen,Ollenhauer Str. 52,Stuttgart Zazenhausen,BW,70439,SabrinaTheissen@rhyta.com,0711 40 37 25,b852c1a7-bfc5-4eb5-a0fb-b88aee6b40ff
female,Mandy,D,Eggers,Paul-Nevermann-Platz 68,Münnerstadt,BY,97702,MandyEggers@rhyta.com,09708 28 24 44,8e0de806-698f-4294-b303-cadc1642f584
male,Tim,D,Nagel,Alt Reinickendorf 46,Untrasried,BY,87496,TimNagel@superrito.com,08306 54 20 52,7cf46157-5a20-4873-bde4-7cf7b801eddb
female,Stephanie,D,Kuester,Konstanzer Strasse 43,Freigericht,HE,63579,StephanieKuester@jourrapide.com,06055 33 27 13,c39d1482-9499-4703-8924-1002db3ba551
female,Juliane,L,Schmitt,Neuer Jungfernstieg 51,Mainburg,BY,84048,JulianeSchmitt@cuvox.de,08751 69 13 86,3451860e-aac6-478d-8772-67126bd6c277
male,Dennis,K,Bachmeier,Landsberger Allee 29,München,BY,80675,DennisBachmeier@cuvox.de,089 32 17 63,8bd482a3-a9fd-4b1a-b8ad-49c4f2fdc242
female,Manuela,M,Richter,Alt Reinickendorf 56,Altenmünster,BY,86448,ManuelaRichter@dayrep.com,08295 61 02 39,0b573c3c-9cad-416f-a4c4-6a3de03e31b2
female,Melanie,N,König,Eichendorffstr. 2,Allensbach,BW,78476,MelanieKonig@dayrep.com,07533 28 38 56,c2961bd4-3506-44be-887f-ed2e70fb1098
female,Kathrin,D,Schroeder,Bayreuther Strasse 44,Kaiserslautern Erfenbach,RP,67659,KathrinSchroeder@gustr.com,063 37 34 15,39314df8-dbc9-4666-a00f-539d30eccd69
female,Anne,D,Richter,Fasanenstrasse 41,Hamburg Nienstedten,HH,22587,AnneRichter@teleworm.us,040 58 04 04,d82f8401-8695-4de6-bb90-0f5ad9b5565a
male,Thorsten,S,Lang,Luebeckertordamm 21,Scheinfeld,BY,91440,ThorstenLang@rhyta.com,09162 76 55 63,6aefc86c-83b1-4934-8971-b28411cfaccb
male,Sebastian,C,Oster,Buelowstrasse 61,Unnau,RP,57648,SebastianOster@teleworm.us,02661 69 88 14,6023530d-6f87-4c50-8f6a-18a809113f60
female,Anja,A,Ebersbacher,Koepenicker Str. 17,Miehlen,RP,56357,AnjaEbersbacher@armyspy.com,06772 11 76 56,25d2513d-dd4c-405f-981b-122de911d622
female,Andrea,T,Holzman,Nuernbergerstrasse 86,Wardenburg,NI,26203,AndreaHolzman@jourrapide.com,04407 53 44 31,583dca26-4bdf-44be-b2fa-d1555a9a8032
male,Mike,A,Krüger,Meininger Strasse 73,Neunkirchen,TH,66531,MikeKruger@teleworm.us,06821 52 98 54,388f11e5-0997-4182-a288-790999deaf7f
female,Kerstin,B,Maier,Pohlstrasse 54,Dorstadt,NI,38312,KerstinMaier@armyspy.com,05337 73 80 10,98e6ac09-5ec9-47ac-b170-f266202b4c13
male,Jens,S,Lang,Lange Strasse 53,München,BY,81905,JensLang@dayrep.com,089 75 08 46,e9b96a92-a10e-49f1-87fc-fa9535ff2ec7
male,Dennis,S,Schreiner,Landhausstraße 4,Berkholz,BB,16306,DennisSchreiner@superrito.com,03332 25 83 09,baee8c8a-dea7-41ce-89ee-c539f26b7057
female,Nicole,M,Rothstein,Grosse Praesidenten Str. 54,Hirschhorn/ Pfalz,RP,67732,NicoleRothstein@armyspy.com,06308 57 24 41,48a98064-13df-4a2c-93bf-e24206c9f3b8
female,Jennifer,M,Gaertner,Meinekestraße 61,Hagen am Teutoburger Wald,NI,49170,JenniferGaertner@teleworm.us,05401 24 70 60,c904a8aa-b5cc-4d0c-9ef7-ca814fe8d521
female,Kerstin,K,Hoffmann,Ruschestrasse 71,Güstrow,MV,18262,KerstinHoffmann@fleckens.hu,03843 91 32 53,ef5a81ad-97db-4010-8814-8688f24c2e3a
female,Ines,A,Strauss,Michaelkirchstr. 40,Lauenhagen,NI,31714,InesStrauss@armyspy.com,05721 47 77 10,c9ae7a56-01c5-4f53-8992-0cf4c3bcb9cc
male,Uwe,P,Kappel,Budapester Straße 29,Tawern,RP,54456,UweKappel@superrito.com,06501 48 00 89,3a5c964c-78fd-46ee-9cea-e4130c006fd9
male,Felix,M,Mahler,Kurfürstendamm 59,Chemnitz,SN,09131,FelixMahler@armyspy.com,0371 83 20 56,5f3bca35-bd89-43ff-948e-678822de6676
female,Marie,T,Schulze,Rudower Chaussee 47,Bottrop Nord-Ost-Innenstadt,NW,46236,MarieSchulze@fleckens.hu,02045 92 47 24,80f3fc71-284c-426d-abba-6e3da5a90ee2
male,Alexander,S,Fried,Inge Beisheim Platz 74,Bardowick,NI,21357,AlexanderFried@dayrep.com,04131 25 61 04,1af549a6-1a1a-4d08-a5ff-addcac298c43
female,Julia,A,Hoch,Konstanzer Strasse 89,Leidersbach,BY,63847,JuliaHoch@cuvox.de,06028 57 44 22,04f257e5-3348-4ed2-9a59-46b1ea59226c
male,Tom,S,Thalberg,Buelowstrasse 71,Stockum-Püschen,RP,56459,TomThalberg@armyspy.com,02661 85 60 33,8a061a8e-73d8-491b-898e-d9c96b0f57d0
male,Michael,L,Koch,Marseiller Strasse 33,Bichl,BY,83673,MichaelKoch@teleworm.us,08857 31 05 20,25f0790e-7440-4517-a78b-690d020b059f
female,Jana,S,Weiss,Spresstrasse 16,Flensburg,SH,24909,JanaWeiss@gustr.com,0461 23 09 04,c92499b2-c99a-4d95-aab6-1646736d6a4e
female,Janina,T,Meier,Borstelmannsweg 53,Mantel,BY,92708,JaninaMeier@teleworm.us,09605 32 71 98,7d7e3cfd-4a6a-4927-8c75-c76e4f321b87
female,Ursula,D,Köhler,Langenhorner Chaussee 67,Furth,BY,93428,UrsulaKohler@einrot.com,08704 36 61 45,69f92882-a2ff-45a0-846a-15541934750f
male,Florian,M,Wirtz,Anhalter Strasse 86,Gerbach,RP,67813,FlorianWirtz@jourrapide.com,06361 94 52 39,7199db5d-0a6a-4e2c-933e-03767e2d0954
female,Daniela,R,Faber,Lange Strasse 16,Putzbrunn,BY,85637,DanielaFaber@armyspy.com,089 23 66 88,126c9bd9-d42a-4267-a9de-b38d6193b3e7
male,Kevin,K,Kunze,Hochstrasse 37,Rüde,SH,24986,KevinKunze@armyspy.com,04633 39 38 01,ce112d92-d2b0-41b8-952d-7b52829fe367
male,Peter,B,Maier,Schönwalder Allee 28,Christiansholm,SH,24799,PeterMaier@dayrep.com,04339 97 17 85,0dfc62e5-33c1-4dd1-9af0-b7e022f199fd
female,Julia,T,Holtzmann,Gubener Str. 26,Kolbermoor,BY,83053,JuliaHoltzmann@cuvox.de,08031 66 30 21,c3b9c4fd-9742-4ffe-b18e-b65052a4c97c
female,Kerstin,E,Fleischer,Lietzenburger Straße 96,Gusborn,NI,29476,KerstinFleischer@einrot.com,05861 71 25 08,4ae668a5-e1b9-4d4c-bf4f-1214d7e42d0b
female,Melanie,P,Pfeffer,Inge Beisheim Platz 59,Elmshorn,SH,25306,MelaniePfeffer@dayrep.com,04121 70 40 36,de15eb5b-6a17-4dd1-99c6-efe9b36c93dc
female,Michelle,M,Naumann,Luebecker Strasse 63,Bischberg,BY,96118,MichelleNaumann@superrito.com,09503 57 69 14,4f5dbe4e-06bb-4b23-96be-51edc0231eeb
female,Andrea,T,Kohl,Brandenburgische Straße 69,Berlin Reinickendorf,BE,13403,AndreaKohl@rhyta.com,030 60 38 32,b48af963-c425-497b-946d-e6400418e2da
male,Wolfgang,S,Nagel,Ansbacher Strasse 74,Sellerich,RP,54608,WolfgangNagel@gustr.com,06551 37 74 31,454c9484-3a7a-416f-bbd8-f48ebcd0728e
male,Marko,L,Kappel,Luckenwalder Strasse 9,Eldingen,NI,29351,MarkoKappel@teleworm.us,05142 68 90 46,34a84082-6654-44ce-9e64-d1ebeeb216aa
female,Nadine,E,Reinhard,Hochstrasse 25,Aventoft,SH,25927,NadineReinhard@armyspy.com,04664 51 25 97,b94d4b82-9953-4ec7-b91f-535a914d6af2
female,Christina,S,Reinhard,An der Schillingbrucke 98,Hochdorf,BW,73269,ChristinaReinhard@superrito.com,07355 91 69 87,c1140c82-8c96-4627-b94c-9b3efe01cef3
female,Katja,B,Baumgartner,Leopoldstraße 59,Berlin Falkenberg,BE,13057,KatjaBaumgartner@armyspy.com,030 67 35 62,416bbf41-9e5d-4f34-b55e-2707be8fa6ba
male,Kristian,B,Urner,Heiligengeistbrücke 30,Geslau,BY,91608,KristianUrner@gustr.com,09867 46 20 91,f885d6b8-0169-4646-a65a-a29900593f28
female,Christina,E,Fiedler,Hardenbergstraße 60,Medard,RP,67744,ChristinaFiedler@rhyta.com,06382 72 72 99,e2352c1d-713e-446a-8166-63faabe90840
female,Manuela,W,Feierabend,Leipziger Straße 74,Gudensberg,HE,34281,ManuelaFeierabend@superrito.com,05603 50 39 21,72d4c3f4-c3da-4106-ad2d-fc5f186d19aa
female,Sara,J,Neudorf,Kantstrasse 63,Bayreuth,BY,95411,SaraNeudorf@jourrapide.com,0921 51 73 96,c587c584-4007-4095-b461-997cfe76fa22
female,Barbara,J,Frei,An der Schillingbrucke 71,Oberstadion,BW,89613,BarbaraFrei@fleckens.hu,07357 99 42 50,a3496ce6-1c43-4eee-9b11-74fda7798837
male,Stephan,D,Zimmer,Ansbacher Strasse 85,Schauren,RP,55758,StephanZimmer@cuvox.de,06545 21 34 71,075df954-84af-47de-b1b6-744429ed635a
female,Petra,S,Seiler,Inge Beisheim Platz 63,Lüneburg,NI,21337,PetraSeiler@rhyta.com,04131 12 19 60,60f1c551-14fa-48af-a65e-297f32e4dba0
male,Felix,C,Bach,Augsburger Strasse 47,Boxberg,RP,54552,FelixBach@jourrapide.com,02692 26 43 59,724664c7-fafa-4054-a1b7-b51f20dbe9db
female,Marina,S,Schultheiss,Motzstr. 39,Wörrstadt,RP,55286,MarinaSchultheiss@rhyta.com,06732 21 20 06,4f886107-9289-42cf-a170-1b5f48c4ce54
female,Stephanie,J,Krause,Güntzelstrasse 95,Lieser,RP,54470,StephanieKrause@dayrep.com,06531 19 07 51,2e83cd59-7dad-443e-988e-37bba8347d1a
male,Mario,K,Maur,Bayreuther Strasse 4,Reutlingen Voller Brunnen,BW,72760,MarioMaur@jourrapide.com,071 44 74 99,50e1875d-6b0c-423b-94be-4f7b4490971f
female,Anna,U,Ziegler,Budapester Straße 32,Lichtenfels,BY,96205,AnnaZiegler@fleckens.hu,06454 86 70 43,3c1038d2-39b6-4d49-945e-ec738ffc8f8b
male,Maik,U,Schroder,Wallstrasse 77,Sankt Johann,RP,56727,MaikSchroder@armyspy.com,02651 73 63 64,59fd0ebb-4a8b-4048-ba9a-8ba457e0d1c1
male,Kevin,K,Müller,Feldstrasse 42,Breitenhagen,ST,39240,KevinMuller@fleckens.hu,039294 56 25,f08c6967-8630-49ab-8c40-852735f4acd3
female,Gabriele,K,Mueller,Lietzenburger Strasse 23,Kürten,NW,51515,GabrieleMueller@einrot.com,02207 68 53 98,13d54f57-e163-4205-860c-dcf2f51defb1
female,Kristin,R,Durr,Fontenay 74,Helmbrechts,BY,95222,KristinDurr@fleckens.hu,09252 27 72 07,931f961a-0935-414d-91cd-ca5180a7118d
male,Eric,K,Daecher,Kirchenallee 47,Bodenmais,BY,94245,EricDaecher@gustr.com,09924 87 73 98,4677defc-4fc1-4c40-a203-148d9af19f11
female,Sabine,T,Walter,Hermannstrasse 35,Worms Weinsheim,RP,67547,SabineWalter@teleworm.us,06241 90 95 32,395fb425-346e-49c3-90ff-7c222b4974c4
male,Niklas,S,Waechter,Hollander Strasse 94,Oberneisen,RP,65558,NiklasWaechter@superrito.com,06430 25 82 68,40d6b4f4-161a-4cb1-8492-40941456ac27
female,Lisa,K,Dietrich,Heinrich Heine Platz 57,Arnstadt,TH,99303,LisaDietrich@fleckens.hu,03628 82 97 30,1635b78d-f2b6-4f80-b507-f8683c1a5d7e
male,Kristian,J,Kaufmann,Schillerstrasse 26,Egling,BY,82544,KristianKaufmann@armyspy.com,08171 87 35 67,47a692b7-0f97-4aec-9cc2-3c1483bf2aa1
female,Karolin,F,Reiniger,Augsburger Straße 36,Hattingen Hattingen,NW,45525,KarolinReiniger@cuvox.de,02324 71 89 45,8aa596db-82d6-45fa-b7bc-ca740a239450
male,Sven,S,Fried,Knesebeckstrasse 33,Reiferscheid,RP,57632,SvenFried@dayrep.com,02685 76 48 00,2f3c2415-76bb-4e5e-8ba4-f1c86579a36a
female,Ines,M,Herzog,Inge Beisheim Platz 64,Tornesch,SH,25437,InesHerzog@jourrapide.com,04120 46 53 00,1a20611a-2b7f-4014-9e20-71adb7b581a6
female,Manuela,J,Abend,Meinekestraße 20,Bodensee,NI,37434,ManuelaAbend@gustr.com,05507 18 68 99,f29d5ee5-977d-4341-896b-196cf92c4c33
male,Bernd,K,Ackerman,Rankestraße 48,Pfaffenhofen,BY,85262,BerndAckerman@gustr.com,08441 79 30 84,7d61160d-3a2b-4c2d-9a09-8a4ad8fb0e21
female,Leonie,J,Fisher,Lietzenburger Strasse 16,Alfter,NW,53347,LeonieFisher@gustr.com,02222 46 03 97,d02f2627-8d46-4dd3-a157-4491af056ae7
male,Christian,M,Eberhart,Alt Reinickendorf 10,Krumbach,BY,86371,ChristianEberhart@cuvox.de,08283 22 58 13,7a44e535-3015-49b8-8be3-8a4ba2379b72
female,Mandy,R,Gaertner,Ziegelstr. 13,Bad Füssing,BY,94066,MandyGaertner@teleworm.us,08537 26 00 17,79c2c81b-1057-4971-bf62-1854cc5ed79c
female,Susanne,S,Metzger,Michaelkirchstr. 30,Rahden,NW,32369,SusanneMetzger@superrito.com,05745 69 06 21,6c881f76-20d9-48b2-876b-b68e8ef4faea
female,Juliane,M,Frei,Hochstrasse 76,Westerland,SH,25968,JulianeFrei@teleworm.us,04651 91 00 59,73619131-7b25-40fa-b59c-296362926ddd
female,Mandy,L,Weiss,Hallesches Ufer 11,Weilheim,BW,73235,MandyWeiss@einrot.com,07023 19 47 90,d2ccbded-e292-4bc9-a359-e1637b283a75
male,Klaus,J,Pfeiffer,Fugger Strasse 88,Koblenz Metternich,RP,56070,KlausPfeiffer@teleworm.us,0261 62 56 38,abc806ac-a217-46d2-8f56-a5ddafe77d2f
female,Leah,S,Eichelberger,Frankfurter Allee 34,Karlsruhe Oststadt,BW,76131,LeahEichelberger@teleworm.us,0721 32 83 41,d6a783ed-3ea2-45ff-acaf-77adc899819b
female,Anna,P,Duerr,Landhausstraße 98,Schwedt,BB,16303,AnnaDuerr@fleckens.hu,03332 27 50 29,b1f15f27-ea4c-4952-8ac2-727969835b1c
female,Sandra,M,Furst,Neue Roßstr. 11,Saarbrücken Bischmisheim,SL,66132,SandraFurst@cuvox.de,0681 12 17 90,e9ee3c44-d1fa-4440-8172-d7df74508c45
female,Andrea,T,Berg,Michaelkirchstr. 75,Gerdau,NI,29581,AndreaBerg@gustr.com,05808 98 99 15,b5347ee6-b4f8-4097-a715-4b6a023e8f1e
female,Barbara,B,Grunewald,Rudower Chaussee 88,Ansbach,BY,91509,BarbaraGrunewald@armyspy.com,0981 57 86 62,44819235-08ee-4dd5-8190-11c614b7eae9
male,Peter,M,Adler,Borstelmannsweg 45,Weidhausen,BY,96279,PeterAdler@dayrep.com,09562 27 26 26,ff944a88-8b91-4129-a9e3-9ca6ad6c15ff
female,Karin,T,Mehler,Los-Angeles-Platz 11,Hamburg Wandsbek,HH,22049,KarinMehler@fleckens.hu,040 98 54 38,38277e3c-5bc8-43a7-a2a9-f3872a901a6a
female,Stephanie,M,Austerlitz,Alter Wall 56,Sondershausen,TH,99702,StephanieAusterlitz@teleworm.us,09333 58 88 17,cf4853b2-54a4-445c-b5bb-3c685943b9f9
male,Benjamin,M,Nagel,Schoenebergerstrasse 9,Ellefeld,SN,08236,BenjaminNagel@rhyta.com,03744 42 30 25,99f8e937-6013-40b0-9735-54beba2328a1
female,Susanne,L,Holzman,Bleibtreustrasse 43,Detmold Hornoldendorf,NW,32760,SusanneHolzman@dayrep.com,05231 96 76 36,c6de61d1-bcf9-48d9-9780-5b03ab557299
female,Mandy,P,Traugott,Straße der Pariser Kommune 14,Dortmund,NW,44141,MandyTraugott@superrito.com,0231 50 78 45,903ffdeb-80f6-4ee6-a833-e429ce7cad3f
male,Ralf,S,Himmel,Stuttgarter Platz 84,Rosendahl,NW,48720,RalfHimmel@jourrapide.com,02541 42 86 61,24c35a54-c20f-4a3a-aa3c-9f4610665a4a
female,Angelika,D,Schäfer,Straße der Pariser Kommune 57,Bonn,NW,53129,AngelikaSchafer@cuvox.de,0228 10 85 88,96c313f0-9453-46e0-9174-58b35741e172
male,Dieter,J,Walter,Hermannstrasse 96,Eschelbronn,BW,74927,DieterWalter@superrito.com,06226 27 54 89,a6625318-e18c-471a-9906-df875d2b3b44
female,Lisa,M,Ziegler,Hallesches Ufer 88,Lebach,TH,66811,LisaZiegler@fleckens.hu,06881 36 10 98,7ae1362e-ef47-4003-8641-9b9587204036
male,Marcel,K,Schröder,Meininger Strasse 53,Neunkirchen Heinitz,SL,66540,MarcelSchroder@superrito.com,06821 84 40 43,07ca449f-def3-439b-9d39-ef5d0ff14ce8
female,Anne,K,Werfel,Güntzelstrasse 81,Deuselbach,RP,54411,AnneWerfel@cuvox.de,06504 25 90 19,90405f76-3dd8-4daa-a064-f76e92dcf3fe
female,Sophie,A,Meier,Rathausstrasse 69,Nürnberg,BY,90015,SophieMeier@cuvox.de,0911 30 86 65,cc288b64-100b-49a0-ba74-52ae212b4c37
female,Anja,R,Lehmann,Kurfürstendamm 45,Rostock,MV,18020,AnjaLehmann@fleckens.hu,0381 21 57 71,b9cffe43-31a1-4703-b25d-2c567572461d
female,Marie,T,Gloeckner,Holstenwall 24,Albersroda,ST,06268,MarieGloeckner@dayrep.com,034632 72 90,ce55be3d-d250-4949-93eb-98d4c7fa9824
female,Simone,M,Frueh,Inge Beisheim Platz 28,Glückstadt,SH,25342,SimoneFrueh@cuvox.de,04124 21 47 11,fd4d92da-8181-4680-b510-4a68d1f897e9
female,Katharina,E,Baumgaertner,Kieler Strasse 66,Burgkirchen,BY,84505,KatharinaBaumgaertner@dayrep.com,08623 13 21 38,6cd6f4d6-b445-40ef-af35-ab511728f211
male,Bernd,M,Lemann,Langenhorner Chaussee 89,Niederviehbach,BY,84183,BerndLemann@rhyta.com,08702 61 12 04,320d5b88-a041-4cb2-ae37-e059e6552f31
female,Katrin,K,Köhler,Karl-Liebknecht-Strasse 74,Hemsbünde,NI,27386,KatrinKohler@fleckens.hu,04260 51 14 12,f93b3a78-ac1f-41b5-ae4a-f97a0ce6e638
female,Sophie,F,Junker,Alt-Moabit 29,Torgau,SN,04852,SophieJunker@einrot.com,03421 87 87 40,b7d06041-c128-44cf-b3ab-acbfeefca6a6
female,Janina,D,Luft,Meininger Strasse 86,Püttlingen,SL,66346,JaninaLuft@armyspy.com,06806 70 09 72,72b7a483-d056-40e1-8055-f58b82b63d25
female,Monika,L,Baier,Prenzlauer Allee 85,Leipzig,SN,04159,MonikaBaier@cuvox.de,0341 70 23 70,94a5cd00-8dc6-4cbd-b828-d5c0651dbc10
male,Dieter,V,Fischer,Neuer Jungfernstieg 43,Pfeffenhausen,BY,84074,DieterFischer@armyspy.com,08708 21 13 24,0a2fa6a1-8879-497d-bf06-288a60e25bff
female,Susanne,B,Bayer,Fasanenstrasse 97,Hamburg Sankt Pauli,HH,20355,SusanneBayer@jourrapide.com,040 91 00 21,899ef72b-ba7c-4631-8b91-52e90d33d6cb
female,Ulrike,J,Freeh,Lietzensee-Ufer 63,Strehla,SN,01614,UlrikeFreeh@superrito.com,03525 93 08 96,c835e24d-1528-4b15-9261-0d8ffcc789a7
female,Christine,M,Fried,Stuttgarter Platz 29,Selm,NW,59379,ChristineFried@rhyta.com,02592 91 48 36,80bca6bf-cfcb-47b2-936d-0a72c5dd8e65
female,Juliane,J,Maur,Brandenburgische Strasse 27,Oberotterbach,RP,76889,JulianeMaur@superrito.com,06342 25 37 06,398413d3-4091-4578-b6a0-78d71b981526
female,Anna,S,Meister,Eichendorffstr. 6,Ebersbach-Musbach,BW,88371,AnnaMeister@jourrapide.com,07525 20 49 43,1a39b9b7-e267-4386-83e6-31b0ea3e3ad9
male,Sebastian,M,Urner,Neue Roßstr. 94,Esslingen Mettingen,BW,73733,SebastianUrner@teleworm.us,0711 50 28 55,06bbd0b2-cea4-44f7-8da0-50217aba7c7a
female,Sabrina,J,Baum,Guentzelstrasse 55,Hünfeld,HE,36088,SabrinaBaum@gustr.com,06652 46 67 88,fb3b6d03-721f-4c8f-a753-bfa1bdbb6a30
female,Silke,P,Ackerman,Leopoldstraße 2,Berlin Britz,BE,12099,SilkeAckerman@superrito.com,030 19 38 36,8adde4d3-5be1-4436-a882-9c87644c12fd
male,Tom,K,Gottschalk,Gruenauer Strasse 28,Brunstorf,SH,21524,TomGottschalk@rhyta.com,04151 96 21 55,5e3758d9-85ee-47f1-ab98-99318a048441
female,Claudia,M,Drechsler,Ollenhauer Str. 77,Stuttgart Obertürkheim,BW,70329,ClaudiaDrechsler@rhyta.com,0711 76 14 00,37f89ccd-8819-4bb1-b3b8-c5f502e53956
female,Katrin,S,Lehmann,Alt-Moabit 60,Döbeln,SN,04713,KatrinLehmann@dayrep.com,03431 75 62 84,612ef993-777c-412c-99dd-555d4c428bf3
female,Melanie,A,Schmitz,Schoenebergerstrasse 72,Crimmitschau,SN,08441,MelanieSchmitz@dayrep.com,03762 80 10 20,e644186b-fa31-4c20-8299-d77386770a95
female,Christin,P,Zweig,Grosse Praesidenten Str. 63,Heddesbach,BW,69434,ChristinZweig@jourrapide.com,06272 42 76 34,526e2b52-b642-4fdd-94b6-ed03e3450f23
female,Ines,F,Nadel,Holstenwall 96,Kloschwitz,SN,08527,InesNadel@armyspy.com,034607 98 87,b93e5e94-7280-47c2-accc-eab1f0ac706e
female,Nadine,D,Ebersbach,Paul-Nevermann-Platz 2,Gochsheim,BY,97466,NadineEbersbach@fleckens.hu,09721 48 73 95,280a1a82-2aed-4637-ac49-cb614141095d
female,Monika,P,Müller,Schmarjestrasse 27,Friedland,MV,17095,MonikaMuller@superrito.com,033676 29 91,0aa8a929-dc95-41a8-9516-868d3dea2a6a
male,Sebastian,M,Gloeckner,Schoenebergerstrasse 72,Glauchau,SN,08362,SebastianGloeckner@dayrep.com,03763 44 01 48,b97287d3-e4b3-4fa4-8b77-f160b8a3fc35
female,Anja,R,Naumann,Anhalter Strasse 99,Queidersbach,RP,66851,AnjaNaumann@rhyta.com,06371 32 43 24,79f07937-7564-4207-9b77-5800b4c47d9f
female,Katrin,U,Furst,Leipziger Straße 99,Wulften,NI,37199,KatrinFurst@armyspy.com,05556 80 15 88,9bdd95b5-1ab2-4da9-a25c-d1a774cd10a4
female,Anne,D,Eichel,Rankestraße 99,Lenting,BY,85099,AnneEichel@dayrep.com,08456 40 67 09,929c75b6-16d0-4c73-8c3d-098e73997be8
female,Andrea,F,Gärtner,Billwerder Neuer Deich 34,Bischofsgrün,BY,95493,AndreaGartner@cuvox.de,09276 13 52 29,6ab1019f-d086-48f7-98b1-43a9867630bb
female,Katja,F,Kuefer,Schönwalder Allee 29,Bovenau,SH,24796,KatjaKuefer@superrito.com,04331 26 29 08,c7772893-d086-42f2-81e2-c5ce8e617389
male,Benjamin,C,Hueber,Gotzkowskystrasse 50,Zehnhausen bei Rennerod,RP,56477,BenjaminHueber@jourrapide.com,02664 62 07 72,0995c03a-37cb-4eae-ba82-6423cdf1175d
female,Antje,S,Hueber,Brandenburgische Straße 22,Berlin Hohenschönhausen,BE,13051,AntjeHueber@gustr.com,030 59 00 65,d2d384f6-c72f-46c2-af09-1384ed38e2a3
female,Juliane,T,Furst,Albrechtstrasse 39,Ingolstadt,BY,85055,JulianeFurst@cuvox.de,0841 38 67 89,445d5e7a-5429-4e01-a260-9c4e1fa1f3b4
male,Uwe,L,Dreher,Fischerinsel 56,Nettetal,NW,41334,UweDreher@cuvox.de,02153 97 55 55,8cf13d51-e72a-4cbf-a195-535a5cb04992
female,Jennifer,J,Fiedler,Langenhorner Chaussee 45,Berchtesgaden,BY,83461,JenniferFiedler@jourrapide.com,08652 40 01 45,7ae16290-8a7c-4adf-a2e5-bcff17336e97
male,Jens,D,Kirsch,Mühlenstrasse 81,Veitshöchheim,BY,97206,JensKirsch@cuvox.de,0931 56 57 03,6710fbed-2fb6-48ca-bbb2-ff5ff59f9d58
female,Marina,M,Scherer,Eschenweg 20,Rudolstadt,TH,07391,MarinaScherer@dayrep.com,03672 58 66 98,f6913620-02fd-467e-8afc-18206d9d2b23
male,Peter,B,Fuerst,Konstanzer Strasse 35,Altenstadt,BY,89279,PeterFuerst@jourrapide.com,06047 78 89 71,008375cc-2e4e-422e-afea-e02e810c2f43
female,Franziska,U,Fuchs,An der Schillingbrucke 77,Dietenheim,BW,89165,FranziskaFuchs@cuvox.de,07347 74 60 34,fb8f0195-0161-4817-8962-8319de01b4fb
female,Sophie,R,Köhler,Hollander Strasse 90,Girkenroth,RP,56459,SophieKohler@jourrapide.com,06435 71 14 23,b26cfe9d-f0fc-4598-a22b-f6f6286263c3
male,Matthias,J,Wolf,Augsburger Straße 60,Herne,NW,44653,MatthiasWolf@superrito.com,02323 97 62 30,54d84358-98ae-4516-b56b-fc26a5c4e74e
male,Dominik,U,Loewe,Schaarsteinweg 22,Ascha,BY,94347,DominikLoewe@fleckens.hu,09428 50 62 90,8a0491ee-57fc-4160-95e5-5fd1b712ed40
male,Maik,D,Seiler,Unter den Linden 51,Neubrandenburg,MV,17006,MaikSeiler@fleckens.hu,0395 63 01 96,6a7886e8-2277-47fc-9223-32eb900a267b
female,Stephanie,W,Gloeckner,Invalidenstrasse 37,Waldfischbach-Burgalben,RP,67714,StephanieGloeckner@cuvox.de,06333 24 93 50,a93fb809-7f62-48af-b1b4-7ed4457a9cd4
female,Lisa,W,Fleischer,Oldesloer Strasse 42,Wünschendorf,TH,07575,LisaFleischer@teleworm.us,036603 23 63,fc954348-5031-4849-822f-04acfa5c210b
female,Lisa,L,Fink,Eschenweg 12,Krölpa,TH,07386,LisaFink@einrot.com,03647 91 90 95,320f21d3-2ac6-4661-bd09-0db9a3f4e352
female,Jessica,M,Schweitzer,Waßmannsdorfer Chaussee 43,Hamburg Bergstedt,HH,22395,JessicaSchweitzer@rhyta.com,040 43 15 94,f0cb2875-4721-4bbc-8fc7-3e732419ee83
female,Michelle,S,Eiffel,Reeperbahn 96,Eibenstock,SN,08305,MichelleEiffel@superrito.com,037752 26 21,ebd8a699-1aa1-4db1-94b0-d0bb85861215
female,Tanja,K,Grunwald,Prager Str 99,Gauting,BY,82117,TanjaGrunwald@armyspy.com,08153 13 58 27,e3bfdc50-c00f-423c-a9da-b2b74b51ac38
male,Robert,M,Austerlitz,Hardenbergstraße 5,Ulmet,RP,66887,RobertAusterlitz@jourrapide.com,06387 36 25 48,7d99e4bf-f0df-4340-8c4a-d0646c569b93
male,Tobias,S,Hoover,Lietzenburger Straße 43,Oberlangen,NI,49779,TobiasHoover@cuvox.de,05932 52 52 24,fe4b2fed-c30c-4ac6-865a-41776f77478c
male,Philipp,S,Kortig,Rudolstaedter Strasse 20,Sögel,NI,49751,PhilippKortig@teleworm.us,05952 60 28 48,a94b7055-ea53-4b72-aa13-53cd3930c5ac
female,Anna,R,Durr,Lietzenburger Straße 9,Jameln,NI,29479,AnnaDurr@fleckens.hu,05864 24 43 68,9ff3d6c4-c2b0-4ef6-9228-349769545449
male,Mike,M,Fuhrmann,Feldstrasse 66,Atzendorf,ST,06217,MikeFuhrmann@armyspy.com,039266 19 15,6c925154-b021-48be-9cdf-78c41bcbc198
female,Leonie,R,Boehm,Mohrenstrasse 49,Albstadt Tailfingen,BW,72461,LeonieBoehm@armyspy.com,07431 19 98 59,507c81b5-edef-4101-b9bb-f2b34d7f1cff
male,Marcel,S,Krueger,Kantstraße 3,Zschopau,SN,09401,MarcelKrueger@gustr.com,03725 29 56 48,06bd1217-8bc4-41db-b2f0-de6cee7b8b76
male,Dennis,S,Beich,Ruschestrasse 83,Stendal,ST,39566,DennisBeich@teleworm.us,03931 40 84 26,b93de1cb-96c9-4f12-958f-1854dbfebbde
female,Mandy,C,Friedmann,Charlottenstrasse 63,Dresden,SN,01324,MandyFriedmann@rhyta.com,0351 94 78 79,d49afd94-0747-412c-9a92-d242a1dd264d
female,Sabine,D,Kortig,Schönhauser Allee 40,Blumberg,BW,78176,SabineKortig@armyspy.com,07702 17 17 75,11669ac0-df20-4594-b3ff-9e96f4653baa
male,Marcel,B,Glockner,Sonnenallee 12,Augsburg,BY,86181,MarcelGlockner@jourrapide.com,0821 17 58 06,88ad41ae-f939-4c82-9dff-21963e12d22c
female,Sophia,K,Schiffer,Kastanienallee 35,Friedrichskoog,SH,25718,SophiaSchiffer@fleckens.hu,04854 81 48 20,4073c74d-89b3-4556-ac34-ba3256bb87fc
female,Stefanie,A,Dreher,Ellmenreichstrasse 10,Pretzfeld,BY,91362,StefanieDreher@rhyta.com,09194 56 27 43,f00c30cc-1b8f-4ac3-8ac0-7252c9d4d1a7
female,Marie,P,Frei,Ziegelstr. 57,Büchlberg,BY,94124,MarieFrei@dayrep.com,08505 41 51 00,3e89416e-d312-43a2-a84d-4aa9d9aec287
female,Stephanie,M,Friedman,Guentzelstrasse 68,Flieden,HE,36103,StephanieFriedman@fleckens.hu,06661 56 93 74,e227b054-7c04-454a-8636-796954d91877
female,Julia,P,Waechter,Hallesches Ufer 88,Perl,TH,66702,JuliaWaechter@superrito.com,06865 90 27 51,d673cba6-6952-460d-9c17-2d9a2ec895ea
male,Jan,M,Neumann,Kieler Strasse 83,Trostberg,BY,83302,JanNeumann@dayrep.com,08621 85 85 52,4ba28e18-b01f-4c5a-bf09-e259c7d834ca
female,Tanja,S,Kohler,Leopoldstraße 5,Berlin Altglienicke,BE,12524,TanjaKohler@einrot.com,030 64 86 70,481fb280-a980-44a7-9d72-a31db5283e5c
female,Vanessa,K,Amsel,Ruschestrasse 95,Gardelegen,ST,39631,VanessaAmsel@gustr.com,03907 34 79 42,f8f34a64-1525-4b52-96a1-aefad2dbdfe0
male,Bernd,S,Braun,Stuttgarter Platz 86,Sassenburg,NI,38524,BerndBraun@superrito.com,02581 51 36 48,d2d9345c-8ed8-472a-bb85-30d384afb7c3
male,Patrick,S,Fenstermacher,Buelowstrasse 83,Stahlhofen am Wiesensee,RP,56459,PatrickFenstermacher@rhyta.com,02663 74 00 48,9ba2dad5-be0b-4f35-a43e-7807e0814680
female,Ute,M,Kruger,Kastanienallee 41,Kotzenbüll,SH,25832,UteKruger@armyspy.com,04861 27 19 53,90dc0711-74e6-4ac3-8edc-d454b519749f
female,Anke,J,Reinhardt,Charlottenstrasse 21,Cottbus,BB,03053,AnkeReinhardt@armyspy.com,0355 80 14 00,acf1cb32-013f-4d99-bc83-f6bd807412fb
female,Johanna,P,Neustadt,Ansbacher Strasse 29,Veldenz,RP,54472,JohannaNeustadt@rhyta.com,06534 38 00 34,c536f5c8-1baf-4776-8bdf-b0b30e65f610
female,Ursula,S,Jaeger,Gruenauer Strasse 19,Dohren,NI,21255,UrsulaJaeger@gustr.com,04182 16 69 07,9cb82b49-ef52-4b53-9c58-9a5238db5211
female,Katrin,J,Schmid,Hoheluftchaussee 26,Lützen,ST,06685,KatrinSchmid@teleworm.us,034444 55 61,04fce39b-37db-4cf3-9ab6-b028639618df
female,Daniela,K,Pfaff,Genterstrasse 47,Kiel,SH,24125,DanielaPfaff@rhyta.com,0431 17 28 83,2eaf0070-a117-413d-85fb-4ecfdd1cd84f
male,Ralph,S,Nagel,Koenigstrasse 46,Stadtroda,TH,07641,RalphNagel@teleworm.us,036426 75 96,60fe58a1-386a-448b-87e1-47cf08340060
female,Nadine,J,Neudorf,Fasanenstrasse 31,Hamburg Moorburg,HH,21079,NadineNeudorf@gustr.com,040 91 76 87,823c1683-96cf-46a9-94f0-2c6485d9317b
female,Christin,L,Kaestner,Lange Strasse 72,Mühlacker,BW,75417,ChristinKaestner@armyspy.com,0171 50 95 63,2c5a46dd-a899-4ff2-a141-be24289de467
male,Maik,J,Gloeckner,Luebecker Strasse 41,Seubersdorf,BY,92358,MaikGloeckner@dayrep.com,09497 98 26 68,1a328e34-1d98-42fe-a451-b6b65dde3459
male,Peter,B,Kruger,Schmarjestrasse 17,Fresdorf,BB,14552,PeterKruger@teleworm.us,033205 37 25,f291059b-caa3-49bd-8e6a-44da7f3127c3
male,Andreas,A,Herrmann,Hochstrasse 93,Husby,SH,24973,AndreasHerrmann@armyspy.com,04634 38 90 10,e27a33e3-c161-4de0-9384-c60fa98df2bb
female,Martina,T,Naumann,Motzstr. 10,Wendelsheim,RP,55234,MartinaNaumann@teleworm.us,06734 69 68 28,d5c52c06-86dd-42b7-896c-d01ef682972f
female,Heike,J,Busch,Schönhauser Allee 11,Teningen,BW,79331,HeikeBusch@gustr.com,07663 17 19 05,a7738289-40d7-40bf-a0c0-79d25b645248
male,Robert,K,Schreiber,Bayreuther Strasse 56,Frankfurt,BB,15232,RobertSchreiber@teleworm.us,069 12 59 25,4bd85dd3-f7ba-4dd3-85d9-3e54fa146c17
female,Michelle,T,König,Hochstrasse 89,Grundhof,SH,24977,MichelleKonig@cuvox.de,04634 20 43 28,7b01c82d-a8cf-442b-97a8-18b69c24d331
female,Juliane,T,Bumgarner,Mollstrasse 48,Darmstadt,HE,64291,JulianeBumgarner@armyspy.com,06151 78 90 65,6af7da05-3aac-48f6-8716-e83d1c37bf00
male,Klaus,M,Bumgarner,Los-Angeles-Platz 71,Hamburg Wilstorf,HH,21077,KlausBumgarner@teleworm.us,040 91 67 85,87fada2f-5e1e-4fc5-9e57-f6b399cf0a64
female,Juliane,D,Lange,Nuernbergerstrasse 77,Glasau,SH,23719,JulianeLange@armyspy.com,04525 89 13 13,e7630638-2266-46a7-83bf-11f8d590a82d
male,Jonas,N,Blau,Güntzelstrasse 23,Übereisenbach,RP,54689,JonasBlau@jourrapide.com,06524 19 03 94,6c84cb9e-87d4-4d97-9f8f-f0d97365b53c
male,Lukas,D,Nussbaum,Prager Str 78,Tutzing,BY,82323,LukasNussbaum@dayrep.com,08157 45 27 92,9193254d-1944-4b36-a554-27d9197670cb
male,Paul,C,Baader,Jahnstrasse 52,Bad Aibling,BY,83035,PaulBaader@jourrapide.com,08061 50 41 67,58b3bd95-f3dc-4da0-af48-2d4ccff8f4a3
female,Karin,S,Scholz,Mohrenstrasse 37,Laupheim,BW,88471,KarinScholz@superrito.com,07392 61 53 63,5d8d308f-19f9-4802-ab56-2d19daa1835b
female,Uta,M,Shuster,Meininger Strasse 75,Oberreidenbach,RP,55758,UtaShuster@superrito.com,06788 38 64 07,2acf5a37-b9c3-48e7-9ed7-e974872375b5
female,Manuela,M,Wagner,Waßmannsdorfer Chaussee 99,Hamburg Altona-Altstadt,HH,20357,ManuelaWagner@rhyta.com,040 64 35 62,4b40ce9b-f144-49c7-80ff-d6aab464500a
female,Katharina,F,Eberhardt,Chausseestr. 17,Quickborn,SH,25442,KatharinaEberhardt@jourrapide.com,04106 72 42 44,1c2b4047-7b1a-4ccc-b886-0ecc7edb2cd3
female,Yvonne,F,Kunze,Leopoldstraße 97,Berlin Friedenau,BE,12161,YvonneKunze@einrot.com,030 45 18 35,5efbf133-bad2-4b96-a46b-974a6944200f
male,Lukas,N,Huber,Meinekestraße 7,Lienen,NW,49536,LukasHuber@teleworm.us,05403 12 68 58,40f31bf7-d1c5-4e4b-bec5-5d144a6791d0
female,Diana,P,Grunwald,Hardenbergstraße 59,Bobenthal,RP,76891,DianaGrunwald@cuvox.de,06394 92 35 86,18477785-2539-492f-b31e-a802033019eb
female,Claudia,D,Bohm,Hermannstrasse 50,Dannstadt-Schauernheim,RP,67125,ClaudiaBohm@cuvox.de,06231 25 59 47,0a1f9f57-88e0-4ea7-90e9-0fc9d7e233ca
female,Marie,R,Fischer,Paul-Nevermann-Platz 18,Bad Bocklet,BY,97706,MarieFischer@superrito.com,09708 56 34 40,331f62d7-d0ff-43bf-b177-0acd414f00b2
male,Lukas,M,Unger,Landsberger Allee 24,München,BY,80674,LukasUnger@rhyta.com,089 94 85 13,1e0cf890-cb48-433e-b0d8-a36da80ec9d9
male,Phillipp,L,Bader,Feldstrasse 31,Egeln,ST,39429,PhillippBader@gustr.com,039268 59 30,b4b8209a-61c5-4fc1-b2fb-b4d151c90423
male,Alexander,M,König,Messedamm 84,Dresden,SN,01073,AlexanderKonig@fleckens.hu,0351 34 81 86,2011c2fb-c264-4fa0-8e3d-96a38ee82797
male,Jonas,S,Sankt,Schaarsteinweg 79,Cham,BY,93411,JonasSankt@dayrep.com,09461 62 77 64,8230c442-af63-4393-9abf-2fa752aa5406
female,Angelika,S,Gottschalk,Luebecker Strasse 86,Riedbach,BY,97519,AngelikaGottschalk@rhyta.com,09526 95 39 73,6f8958dc-7ce6-4295-9a57-3dee2913706e
female,Christina,E,Mayer,Luebeckertordamm 51,Berngau,BY,92361,ChristinaMayer@gustr.com,09179 18 22 67,f8d57d12-0f08-4fba-8969-d68b6138bce3
female,Claudia,M,Schreiber,Mellingburgredder 33,Erlangen,BY,91051,ClaudiaSchreiber@gustr.com,09131 85 31 32,a8095cd5-990d-4513-9545-250ad4c49fcc
male,Mathias,L,Herz,Luetzowplatz 92,Oberweiler,RP,54636,MathiasHerz@rhyta.com,06569 52 31 84,c96db184-0e6d-4649-aa8f-728eb3b581c9
male,Dennis,D,Himmel,Holstenwall 20,Thale,ST,06498,DennisHimmel@einrot.com,034671 90 24,43d5ba25-9608-4945-9c3e-5da55d8c8555
female,Marina,R,Weber,Marseiller Strasse 67,Bayersoien,BY,82435,MarinaWeber@rhyta.com,08845 69 30 84,d6bfc09e-4ee5-44b1-b8be-65e8811f3167
male,Christian,S,Schroeder,Meinekestraße 11,Warendorf,NW,48231,ChristianSchroeder@dayrep.com,05426 25 46 11,ef84a9a1-cf8a-4d4c-8e1f-3756fdb3d4c1
female,Jennifer,P,Nadel,Schönhauser Allee 6,Villingen-Schwenningen Marbach,BW,78052,JenniferNadel@superrito.com,07721 64 33 86,24c76101-d75b-43de-aac6-4972d6732077
female,Michelle,M,Fried,Karl-Liebknecht-Strasse 65,Henstedt-Ulzburg,SH,24548,MichelleFried@rhyta.com,04193 84 06 75,03eec543-ebd6-47b6-b3b1-d83f29ed9a41
female,Kathrin,A,Richter,Jahnstrasse 72,Velden,BY,84149,KathrinRichter@superrito.com,08086 73 06 97,826b8138-ff66-41d3-92c2-72284b79400e
male,Felix,P,Weissmuller,Rudower Strasse 40,Nasingen,RP,54673,FelixWeissmuller@einrot.com,06564 35 38 53,b3b35fc1-acd5-4720-89f1-f520a70d353c
female,Juliane,S,Durr,Alter Wall 24,Bütthard,BY,97244,JulianeDurr@einrot.com,09336 67 27 47,3a5c0425-ca59-4b31-b9cf-ac74ebbc23d7
male,Leon,U,Schultheiss,Bayreuther Strasse 39,Frankfurt,BB,15229,LeonSchultheiss@teleworm.us,069 68 32 56,13528e85-e1ca-41a4-8065-5b2f12c31cf9
male,Phillipp,U,Schulze,Fasanenstrasse 58,Hamburg Neustadt,HH,20355,PhillippSchulze@dayrep.com,040 16 80 33,7ad80f80-7da1-4184-9ca8-4a589ead5507
male,Jonas,M,Gruenewald,Schönhauser Allee 21,Schönenberg,BW,79677,JonasGruenewald@teleworm.us,07673 85 57 68,d9d73770-6c70-44ab-8271-37818ff1eb68
female,Kristin,M,Bayer,Hallesches Ufer 72,Wadern,TH,66687,KristinBayer@dayrep.com,06871 25 08 11,52ba365c-fab1-4ae6-8bae-dcb05764d144
female,Martina,P,Baumgaertner,Genterstrasse 22,Bremen Vegesack,HB,28755,MartinaBaumgaertner@armyspy.com,0421 47 60 38,aa161b02-24b2-4e21-8552-456df886339b
female,Stefanie,M,Goldschmidt,Brandenburgische Straße 18,Berlin Neukölln,BE,12049,StefanieGoldschmidt@einrot.com,030 73 78 76,3402025d-592b-4e67-b340-ea3d1b6987e5
male,Max,G,Metzger,Jenaer Strasse 31,Essen,NW,45127,MaxMetzger@teleworm.us,0201 47 62 99,38863063-58c2-4a5e-81fb-323a69641985
female,Janina,N,Waechter,Hedemannstasse 72,Mengen,BW,88512,JaninaWaechter@cuvox.de,07572 19 31 79,9e83e561-a72a-4569-8688-565c9fc9a469
male,Ulrich,C,Schmitt,Jahnstrasse 79,Stephanskirchen,BY,83071,UlrichSchmitt@superrito.com,08075 70 80 19,da22e2a5-2ce6-4a5b-a53a-6b7c9ae4738d
female,Sara,D,Wannemaker,Eschenweg 22,Seligenthal,TH,98591,SaraWannemaker@jourrapide.com,03683 17 38 97,51ec13f2-b937-48ef-9c0d-595974f6be45
male,Ralph,C,Wulf,Schaarsteinweg 49,Neunburg,BY,92428,RalphWulf@rhyta.com,09439 99 76 67,dc14c62f-df01-4514-8f03-435cd9597fe2
female,Jennifer,M,Fenstermacher,Stuttgarter Platz 58,Misselberg,RP,56377,JenniferFenstermacher@cuvox.de,02604 68 43 52,92131ed5-3c43-4c51-b55a-5feb0edf55ef
female,Andrea,R,Bayer,Scharnweberstrasse 37,Mannheim Innenstadt,BW,68159,AndreaBayer@dayrep.com,06211 34 50 14,1a6b6cca-c0ad-4d24-8693-397edd4d0a0b
female,Juliane,R,Zimmer,Pasewalker Straße 62,Baden-Baden Balg,BW,76532,JulianeZimmer@gustr.com,07221 48 55 59,dff1f1bd-dcc2-4502-8ad9-9b1caf5a1e90
male,Alexander,K,Frankfurter,Leipziger Straße 6,Breuna,HE,34479,AlexanderFrankfurter@teleworm.us,05641 65 53 16,52df6915-26dd-422a-9fc0-6369b040d0b8
female,Antje,R,Lehmann,Straße der Pariser Kommune 13,Münster,NW,48143,AntjeLehmann@armyspy.com,0251 28 08 82,4dd061d2-1d07-40fb-bc68-a075984762e1
female,Kristin,S,Gloeckner,Motzstr. 5,Wendelsheim,RP,55234,KristinGloeckner@teleworm.us,06734 78 78 70,06b9dcc8-b75c-4cef-baff-900c98cdaf49
female,Simone,J,Wirth,Fischerinsel 22,Mönchengladbach Holt,NW,41069,SimoneWirth@rhyta.com,02161 28 41 23,b0eb31ef-0666-4b1b-b4ee-f9dc7b7d0780
male,Niklas,J,Theiss,Kantstraße 45,Eisenach,TH,99805,NiklasTheiss@teleworm.us,03691 80 37 45,0fa87e89-6e04-4a6e-9d97-06cbce7789dc
female,Sabine,M,Gottschalk,Rudower Strasse 32,Pronsfeld,RP,54597,SabineGottschalk@dayrep.com,06556 94 41 97,8c50928c-60b0-4fa6-b7f1-480c7ccf13a3
female,Claudia,M,Eberhardt,Albrechtstrasse 57,Passau,BY,94002,ClaudiaEberhardt@gustr.com,0851 32 33 60,d55e57ca-bf33-4b74-aaf2-4776b88de0d4
female,Juliane,S,Wagner,Ellmenreichstrasse 63,Hummeltal,BY,95503,JulianeWagner@superrito.com,09201 66 07 01,97b84eed-4690-4ec3-8b2f-746204e761e8
female,Brigitte,K,Gaertner,Stresemannstr. 40,Tholey,TH,66632,BrigitteGaertner@dayrep.com,06853 59 77 50,c121fd2b-bc89-40b8-88bb-07b92e6d1e08
female,Nadine,T,Zweig,Oldesloer Strasse 5,Merkendorf,BY,91732,NadineZweig@einrot.com,036626 21 93,6157a21d-5f2c-4776-9348-776a843e2e4b
female,Heike,P,Bachmeier,Ellmenreichstrasse 58,Harsdorf,BY,95499,HeikeBachmeier@einrot.com,09203 59 18 15,1dc32916-e178-4163-952c-de8efe1080be
female,Doreen,N,Ebersbach,Pohlstrasse 95,Mariental,NI,38368,DoreenEbersbach@superrito.com,05356 36 33 24,095f72ab-7385-47b0-a761-8ee580c897de
female,Angelika,L,Eichel,Brandenburgische Str. 20,Talheim,BW,74388,AngelikaEichel@dayrep.com,07133 65 77 54,b8bf878f-bdd6-4a0e-820c-14d4285b68ca
female,Lena,S,Neumann,Albrechtstrasse 91,Ingolstadt,BY,85025,LenaNeumann@teleworm.us,0841 86 44 13,a4300c24-3ed1-4516-ad54-8ad6ced10dab
female,Lisa,B,Zimmerman,Mellingburgredder 99,Erlangen,BY,91051,LisaZimmerman@superrito.com,09131 29 26 42,f2a2bf6b-8153-407f-a771-29ebc4f9765e
female,Marina,S,Adler,Storkower Strasse 67,Brohl-Lützing,RP,56656,MarinaAdler@rhyta.com,02633 11 93 35,451d8510-6abb-47ff-9aa6-e52f3c147eb7
female,Ute,R,Strauss,Charlottenstrasse 54,Cottbus,BB,03009,UteStrauss@armyspy.com,0355 92 15 24,6d7acf84-bb1a-448f-b1a9-591f9134c1fc
male,Luca,A,Moeller,Gubener Str. 98,Kolbermoor,BY,83059,LucaMoeller@einrot.com,08031 83 23 70,fd34e0ec-2e2d-46e0-b064-e8c067a9dc18
male,Martin,S,Weber,Genterstrasse 2,Kiel,SH,24118,MartinWeber@jourrapide.com,0431 66 53 47,3d61ab95-bd46-4b00-933d-a2700d9413d0
female,Janina,F,Kunze,Augsburger Straße 39,Hattingen Niederbonsfeld,NW,45529,JaninaKunze@fleckens.hu,02324 52 27 64,1475e711-ba08-443e-b884-8cfcad9a11bf
female,Karin,M,Amsel,Messedamm 24,Halle,ST,06018,KarinAmsel@rhyta.com,0345 61 00 07,c4dd4937-1ed5-487a-ad41-a81a1eaeb627
male,Matthias,Y,Schaefer,Friedrichstrasse 36,Düsseldorf Hubbelrath,NW,40472,MatthiasSchaefer@einrot.com,0211 44 22 85,6e89edd4-52c6-4e8a-9e1f-f8c461fc380d
male,Michael,A,Moench,Meininger Strasse 27,Niederbrombach,RP,55767,MichaelMoench@cuvox.de,06787 84 06 48,c86ed958-97e6-45e1-8177-120ebc3c48fa
male,Markus,D,Richter,Inge Beisheim Platz 82,Barmstedt,SH,25349,MarkusRichter@cuvox.de,04123 55 17 53,f0217304-1faf-470c-9699-b9bab58dbcf0
female,Leah,S,Zimmer,Invalidenstrasse 16,Clausen,RP,66978,LeahZimmer@fleckens.hu,06333 27 76 55,e73d32ab-f4d2-4695-9360-d1b25d5ffe66
female,Stephanie,D,Fuchs,Paul-Nevermann-Platz 5,Dittelbrunn,BY,97454,StephanieFuchs@gustr.com,09721 14 95 70,d3e432c8-9f11-4053-ad37-ec8f1da50165
female,Juliane,T,Schwab,Gotzkowskystraße 24,Elkenroth,RP,57578,JulianeSchwab@superrito.com,02747 50 10 40,dc777632-0ea4-4eab-b0b0-4cb20860b257
male,David,B,Hueber,Eichendorffstr. 33,Immenstaad,BW,88090,DavidHueber@gustr.com,07532 23 64 09,9566c7fc-aad6-4c3c-89ec-c92318693817
male,Kristian,A,Kortig,Luebecker Strasse 84,Pommersfelden,BY,96178,KristianKortig@armyspy.com,09502 96 70 36,02d6a12b-12d9-44c7-9501-a6e3e9d29e93
female,Jennifer,D,Gärtner,Gruenauer Strasse 16,Ahlerstedt,NI,21702,JenniferGartner@einrot.com,04166 84 96 70,5b671da3-2646-4ab0-a29b-a4ca25bd05c3
female,Gabriele,D,Bohm,Nuernbergerstrasse 69,Jade,NI,26349,GabrieleBohm@rhyta.com,04454 67 79 65,d11fc3d2-1182-4394-8151-ce2902e6fe8b
male,Mike,J,Fink,Unter den Linden 46,Seehof,BB,14513,MikeFink@gustr.com,0385 88 54 89,58c3bf88-b9d4-4d35-814b-39d594da71bf
female,Jennifer,M,Fleischer,An der Schillingbrucke 56,Dietenheim,BW,89165,JenniferFleischer@einrot.com,07347 90 23 66,3141daca-1e7f-4104-aa3b-b200d5550177
female,Birgit,D,Farber,Rudower Chaussee 41,Bamberg,BY,96020,BirgitFarber@superrito.com,0951 41 64 26,919fea87-5cdf-4674-b5c8-725b61551d55
female,Barbara,L,Pfeifer,Schaarsteinweg 83,Guteneck,BY,92543,BarbaraPfeifer@teleworm.us,09433 56 66 34,0db5f1d1-5fa2-47f8-9b8d-953bce0d46d6
male,Mario,L,Reiniger,Paul-Nevermann-Platz 29,Oerlenbach,BY,97714,MarioReiniger@einrot.com,09725 64 82 28,5e4e367a-6124-41b2-bdf3-ee526ca8bc6e
female,Uta,K,Zimmer,Anhalter Strasse 24,Bechhofen,BY,91568,UtaZimmer@gustr.com,06372 49 33 00,b4b16a8f-e3b5-43c3-b457-0b6014413b41
female,Maria,J,Baier,Neuer Jungfernstieg 57,Landshut,BY,84012,MariaBaier@jourrapide.com,08707 82 56 17,200b7f86-7971-469b-ab2e-8c601dbaa69c
female,Jana,L,Friedman,Waßmannsdorfer Chaussee 4,Hamburg,SH,22880,JanaFriedman@gustr.com,040 55 93 28,1c1226bc-da02-4da6-8693-64204e5a5aaa
female,Janina,T,Dietrich,Rosenstrasse 7,München,BY,81547,JaninaDietrich@einrot.com,089 67 20 99,bd57fe37-bed6-4655-85e2-e9a78e3aa55c
female,Doreen,K,Strauss,Billwerder Neuer Deich 79,Rehau,BY,95103,DoreenStrauss@dayrep.com,09283 70 59 35,004da256-5454-43e1-86f9-8aab6e70eaab
female,Katja,T,Traugott,Heinrich Heine Platz 81,Ohrdruf,TH,99882,KatjaTraugott@rhyta.com,03624 71 04 32,92a7b107-e667-4c16-9ec2-c2585ebd9990
male,Marcel,G,Faber,Unter den Linden 99,Neubrandenburg,MV,17002,MarcelFaber@gustr.com,0395 29 52 68,1bee6e82-3ab5-4829-85f7-281c9a1978e9
male,Maximilian,K,Diederich,Chausseestr. 15,Hemdingen,SH,25483,MaximilianDiederich@superrito.com,04106 29 40 00,c564c9b0-03df-4645-94a8-0465e6bd104e
female,Melanie,R,Pfeiffer,Rohrdamm 66,Duingen,NI,31089,MelaniePfeiffer@gustr.com,05185 41 00 97,e0aef96d-2149-49fd-9b05-802c3bd00bbd
female,Maria,J,Hofmann,Langenhorner Chaussee 17,Altötting,BY,84496,MariaHofmann@armyspy.com,08671 71 90 58,1d86ae3c-ebfe-4079-b615-01ecfad22ef2
male,Lukas,L,Foerster,Straße der Pariser Kommune 61,Köln Lindenthal,NW,50858,LukasFoerster@dayrep.com,0221 52 32 11,f7db3aa9-6398-4f0e-be01-25a452b691e0
female,Anne,B,Abt,Rohrdamm 61,Bad Salzuflen Grastrup-Hölsen,NW,32108,AnneAbt@gustr.com,05208 58 96 31,1456e583-631c-4e92-a547-f2e818f0a259
female,Christin,M,Zimmerman,Nuernbergerstrasse 1,Lorup,NI,26901,ChristinZimmerman@rhyta.com,04493 87 44 80,7f715150-f7f1-4467-8cb2-3be7613f7616
male,Maik,C,Brauer,Rathausstrasse 84,Fürth,BY,90701,MaikBrauer@rhyta.com,0911 44 92 74,68f723d0-924f-4818-a9e7-c57462598ba3
male,Torsten,B,Gersten,Chausseestr. 86,Teterow,MV,17161,TorstenGersten@rhyta.com,03996 88 72 58,8a3e468f-af8e-4261-af93-b8386986d83b
male,Bernd,J,Theiss,Jahnstrasse 1,Aßling,BY,85615,BerndTheiss@fleckens.hu,08065 27 21 92,ea1f6c91-a951-4305-8b76-6d696075dce5
female,Sara,T,Grunewald,Mühlenstrasse 52,Würzburg,BY,97014,SaraGrunewald@superrito.com,0931 43 32 46,22651dff-d05a-4017-9184-9d2e7063e9db
male,Kevin,S,Maier,Koenigstrasse 75,Weimar,TH,99408,KevinMaier@armyspy.com,036453 23 90,432d27d3-259b-4bf7-b950-f72137eee149
female,Annett,K,Kuster,Rohrdamm 70,Uetze,NI,31319,AnnettKuster@fleckens.hu,05147 70 56 89,2a52fc4e-b525-41ff-a770-b8762e1ec805
male,Benjamin,J,Junker,Holstenwall 41,Mansfeld,ST,06340,BenjaminJunker@teleworm.us,034782 29 87,5824f5d5-3503-47ca-a44a-887ab5a58718
female,Johanna,M,Sankt,Ansbacher Strasse 73,Jucken,RP,54689,JohannaSankt@teleworm.us,06550 82 85 64,612b0855-17cc-41ca-bc6a-c982ed93f2cb
female,Sophia,M,Pfeifer,Inge Beisheim Platz 87,Barendorf,MV,23942,SophiaPfeifer@armyspy.com,04137 54 00 76,20086449-ef77-4717-903d-e054213164c7
female,Diana,K,Kruger,Scharnweberstrasse 26,Schwetzingen,BW,68723,DianaKruger@armyspy.com,06202 78 66 37,6fe4b1f0-5b9e-4a01-a635-26cb8f0e7159
female,Ulrike,R,Wexler,Unter den Linden 96,Magdeburg,ST,39110,UlrikeWexler@fleckens.hu,0391 81 48 84,ba5a7c9f-ce9a-4dd3-95d1-25aab11a898b
female,Sabrina,D,Papst,Leipziger Strasse 86,Osnabrück,NI,49086,SabrinaPapst@teleworm.us,0541 35 20 20,68a486c1-9c81-42c1-9522-32b3b7f12f1f
female,Nadine,M,Kappel,Brandenburgische Strasse 77,Niederhorbach,RP,76889,NadineKappel@gustr.com,06343 36 54 85,8e218317-d0b4-4446-ab8a-0d79ec4a1fa9
male,Paul,B,Moeller,Schillerstrasse 76,Geretsried,BY,82538,PaulMoeller@teleworm.us,08171 86 85 98,4f62a3ec-cc46-4e4b-9bc7-e462accbaef0
female,Anja,R,Klug,Eschenweg 2,Ilmenau,TH,98684,AnjaKlug@teleworm.us,03677 59 42 02,8fb3d73f-3262-4d0a-95ec-bc6ec6976e1d
female,Sabine,F,Fenstermacher,Potsdamer Platz 80,Münchsmünster,BY,85126,SabineFenstermacher@fleckens.hu,08402 50 49 73,e04234e9-d7e0-4805-96dc-f7e7fdf33e00
male,Philipp,J,Baum,Schönhauser Allee 75,Tunau,BW,79677,PhilippBaum@armyspy.com,07673 71 09 88,6a907ed4-a4d7-40b3-927f-dff2edb03659
female,Ursula,S,Naumann,Flotowstr. 20,Merseburg,ST,06203,UrsulaNaumann@fleckens.hu,03461 39 69 06,ec6fbef4-e330-4689-9e88-064b9f1e6cbe
